	Center	Punct\cont	X	VERB	Time	N\P	S_O	KNOW	Perso?	Act				Full context
main	Уж		адреса	мочь узнать	past	N	O	1						Ужадреса-тоон наверняка мог узнать ― как-нибудь потихоньку, не привлекая внимания. [Вера Белоусова. Второй выстрел (2000)] [омонимия снята]
main	уж		артиста	-	present	N	O		1					Вот такое же разное мнение бывает при оценке того или иного человека, а ужартистатемболее. [Евгений Весник. Дарю, что помню (1997)] [омонимия не снята]
main	уж		Андрей	знать	past	N	S	1	1					Грудь и бёдра ― в обычной восемнадцатилетней норме, почти не выделяются, но ужАндрей-тознал, что они могут расширяться и укрупняться, что они ― как лошадиные силы в моторе, временно отключённом. [Анатолий Азольский. Лопушок // «Новый Мир», 1998] [омонимия снята]
main	Уж		асфоманты	найти	past	N	S		1	1				― Ужасфоманты-тонашли бы способ выразить протест! [Вера Белоусова. Второй выстрел (2000)] [омонимия снята]
main	уж		бактерия	загоношится	future	N	S			1				Вот это страшно! Вот ужбактерия-тозагоношится! ― Он потряс кулаком. [Андрей Волос. Недвижимость (2000) // «Новый Мир», 2001] [омонимия снята]
main	уж		баран	блестать	present	N	S							Почвы не режет соха, уже не режет лозы виноградарь; Снял уж и пахарь ярмо с исстрадавшейся выи бычачьей; Мягкая шерсть позабыла облыжной обманывать краской: Нет, на лугу уж баран то приятною блещет порфирой, То золотистым шафраном, то ярким огнем багряницы. [Ф. Ф. Зелинский. Первое светопреставление (1916)] [омонимия не снята]
main	уж		вздору	навалять	past	N	O			1				Что ж, беги, карандаш, так и быть, только постарайся уж как-то поприличнее, посуше, чтобы и серьёзные люди нашли хоть малый толк в твоих писаниях, постарайся хотя бы без вымысла, без фантазий, довольно ужвздору-тонавалял ― в ящики не закатывается. [Василий Аксенов. Круглые сутки нон-стоп // «Новый Мир», 1976] [омонимия снята]
main	уж	«	Зверей	-	present	N	O			.				― Ну, уж«зверей» -тотут куда нехорошо! [И. А. Гончаров. Обыкновенная история (1847)] [омонимия не снята]
main	уж		землю	холить	past	N	O			1				С какой, бывало, радостью и ожесточением набрасывался он на свой огород, унавоживал — выгребал навоз до последней лопаты, а уж землю то холил — перебирал руками чуть ли не каждую горсть. [Федор Абрамов. Братья и сестры (1958)] [омонимия не снята]
main	Уж	«	Интернационал	исполнять	past	N	O			1				Уж«Интернационал» -тоопределенно исполнял на партийных заседаниях в своей конторе. [Валериан Скворцов. Каникулы вне закона (2001)] [омонимия не снята]
main	уж	«	Масленницу	похерить	future	N	O			1				Ты уж«масленицу» -топохерь до ночи, завтра-то глядеть грех. [И. С. Шмелев. Лето Господне (1927-1944)] [омонимия не снята]
main	Уж		меня	встречать	future	P	O		1	1				Ужменятобудут встречать воплями и дрекольем. [Андрей Белянин. Свирепый ландграф (1999)] [омонимия не снята]
main	уж		Миняйлова	взять в мужья	future	N	O		1	1				В школе мне казалось, что ужМиняйловатоточнго никто в мужья не возьмёт: -P. [Беременность: Планирование беременности (форум) (2005)] [омонимия не снята]
main	уж	«	Носороги	-	present	N	S							Допустим, что некоторые пьесы слишком для вас необычны. Но уж«Носороги» -то?! Опубликовали, обещали и не поставили! [Самуил Алешин. Встречи на грешной земле (2001)] [омонимия не снята]
main	уж		рыбкой	обеспечить	future	N	O			1				Купите мне ружьё для подводной охоты, и ужрыбкой-тоя вас обеспечу. [Василий Аксенов. Звездный билет // «Юность», 1961] [омонимия снята]
main	уж		сходстово	-	present	N	S							Не то, чтобы они очень, слишком бы мешали друг другу, а ужсходство-точересчур "того": т. е. так отвратительно похожи они и так обидно карикатурят один другого, что хоть плачь. [И. Ф. Анненский. Вторая книга отражений (1909)] [омонимия снята]
main	ужъ		тут	-	-	N	A							вотъ ужътутътоя невиненъ, какъ барашекъ! [А. С. Пушкин. Письмо П. А. Вяземскому (1825)] [омонимия не снята]
main	уж		часы	взял	past	N	O			1				Ну, а тут, гляжу человек все одно ― царство ему небесное ― пропал, так я ужчасытоу него и кошелек взял на память…» [О. С. Минор. Это было давно... (1933)] [омонимия не снята]
main	уж		вам	-	present	P	S		1					― Кому-то, может, и нельзя, но ужвам―то, конечно, можно. [Владимир Войнович. Москва 2042 (1986)] [омонимия не снята]
main	уж		вы	вернуть	future	P	S		1	1				― А ужвы-товсё на старые рельсы хотите вернуть? [Василий Гроссман. Жизнь и судьба, часть 2 (1960)] [омонимия снята]
main	Уж		его	аннигилировать	future	P	S		1	1				― спросил я. ― Ужеготовы, конечно, аннигилируете. ― Не аннигилируем, а утилизируем, переработаем и в виде вторичного продукта отправим на его родину. [Владимир Войнович. Москва 2042 (1986)] [омонимия не снята]
main	уж		её	-	present	P	O		1					Про Елену и говорить нечего, ужеё-тожизнь как на ладони: и добрая, и тихая, и сердобольная, всех кошек жалела, а про Флотова-то забыла? [Людмила Улицкая. Казус Кукоцкого [Путешествие в седьмую сторону света] // «Новый Мир», 2000] [омонимия снята]
main	уж		её	поблагодарить	past	P	O		1	1				Акт унижения власти пришлось отложить до лучших времён, поскольку Галина Леонидовна исчезла, а уж её-то стоило поблагодарить: в Андрее Николаевиче закопошилась смелая до безумия идея ― как изменить общественный строй в СССР. [Анатолий Азольский. Лопушок // «Новый Мир», 1998] [омонимия снята]
main	уж		её	отпускать	present	P	O		1					И самое страшное, что ужеетоу меня нет ни малейшего желания отпускать. [Андрей Белянин. Свирепый ландграф (1999)] [омонимия не снята]
main	уж		её	хватать	past	P	O							Свадьба была многолюдной, хоть и бедной, но журналистской братии лишь бы водки побольше, а ужеетохватало. [Елена Белкина. От любви до ненависти (2002)] [омонимия не снята]
main	Уж		ему	сказать	past	P	O		1	1				Ужемутонельзя было сказать: «аще не будете, как дети…» . [В. М. Чернов. Перед бурей. Воспоминания (1953)] [омонимия не снята]
main	Уж		им	бояться	present	P	S		1					"Сукины дети, ― думал он. ― Ужим-то, рабочим, бояться нечего". [Василий Гроссман. Жизнь и судьба, часть 3 (1960)] [омонимия снята]
main	уж		им	позавидовать	future	P	O		1					[letchikleha, nick] На северном побережье средизамного моря на данный момент базируются куча отечественных компаний: Sky Express, Red Wings, Уральские авиалинии, Оренбург, I Fly, Nord Wind, так же был замечен в гостинице экипаж «нацпера» (вот кому, кому, а уж им то не позавидуешь, из разговора с ними стало ясно, что так, как планируют их, лучше застрелиться сразу… [коллективный. Форум: Млечный путь над Анталией (2011)] [омонимия не снята]
main	уж		их	ощутить	past	P	O							Однако запахи живут и в темноте ― и ужих-тоя ощутил в полной мере. [Андрей Волос. Недвижимость (2000) // «Новый Мир», 2001] [омонимия снята]
main	уж		Глебов	знать	past	N	S	1	1					Лёвка вовсе не был таким уж принципиальным, и на судьбу Аструга ему было начхать ― ужГлебов-тознал Шулепу до донышка! ― но, видно, тот парень как-то его задел, то ли развязностью, то ли ещё чем-то. [Юрий Трифонов. Дом на набережной (1976)] [омонимия снята]
main	Уж		меня	всречать	future	P	O		1	1				Ужменятобудут встречать воплями и дрекольем. [Андрей Белянин. Свирепый ландграф (1999)] [омонимия не снята]
main	Уж		мне	вспало	past	P	O		1	1				― Ужмнетовспало на ум, не прочит ли за тебя он дочку. [П. И. Мельников-Печерский. В лесах. Книга вторая (1871-1874)] [омонимия не снята]
main	уж		нашу	отменить	future	P	O			1				Через какую-нибудь тысячу лет, Танечка, а может, через пятьсот, старый гинеколог вроде меня ― ужнашу-топрофессию никакой прогресс не отменит ― будет читать старинную русскую историю двадцатого века, и там будет две страницы про Сталина и два абзаца про Хрущева. [Людмила Улицкая. Казус Кукоцкого [Путешествие в седьмую сторону света] // «Новый Мир», 2000] [омонимия снята]
main	Уж	«	Дневники	знать	present	N	O	1						Но эта же мысль у него и в «Дневниках» есть. Уж«Дневники» -тознаете. У нас в роте тоже так: один одно читал, другой другое. [Михаил Кураев. Записки беглого кинематографиста // «Новый Мир», 2001] [омонимия не снята]
main	уж		он	-	present	P	S							На первый взгляд кажется, что ужон-то― самое социальное существо. [Кирилл Ефремов. Размышления у книжной полки: Бегство от одиночества // «Знание -- сила», 2003] [омонимия снята]
main	уж		он	-	present	P	S							Там донника белого видимо-невидимо. А ужон-тосладкий! .. Окончание в следующем номере. [Виктор Кологрив. Медовый луг // «Мурзилка», 2002] [омонимия снята]
main	Уж		он	вынужденный	inf	P	S		1					Ужон-то, вынужденный считать каждый шиллинг, чего ради он тратился, готовился, что ему были мы? [Д. А. Гранин. Месяц вверх ногами (1966)] [омонимия снята]
main	уж	,	он	придумает	future	P	S		1	1				Короче говоря, Миша был одним из тех людей, о которых говорят: "Ну уж,он-точто-нибудь придумает". [Василий Аксенов. Пора, мой друг, пора (1963)] [омонимия снята]
main	уж		он	развлекается	present	P	S		1					Тоски по Марвичу давно уже нет, убеждала она себя, всё это дело прошлое и ненужное, и она ему не нужна, ужон-тонебось развлекается, как хочет… [Василий Аксенов. Пора, мой друг, пора (1963)] [омонимия снята]
main	Уж		он	был	past	P	S		1					Твой Абарчук? Ужон-то, кажется, был двухсотпроцентный. Людмила Николаевна задумалась, сказала: [Василий Гроссман. Жизнь и судьба, часть 3 (1960)] [омонимия снята]
main	Уж		он	строить из себя	inf	P	S		1					Ужонтоне будет строить из себя героя молодогвардейца ― мигом всех продаст! [Андрей Белянин. Свирепый ландграф (1999)] [омонимия не снята]
main	уж		она	уметь	past	P	S		1					Мать, наверное, что-то знала, но ужона-тоумела хранить тайны ― и свои, и чужие… [Вера Белоусова. Второй выстрел (2000)] [омонимия снята]
main	уж		она	навидаться	past	P	S		1					"Самый красивый мужчина, которого мне приходилось видеть", ― сказала про него одна знакомая (а ужона-томужчин навидалась!) [И. Грекова. Перелом (1987)] [омонимия снята]
main	уж		она	не пьет	inf	P	S		1	1				Был убежден, что ужонатовообще не пьет! [Андрей Белянин. Свирепый ландграф (1999)] [омонимия не снята]
main	уж		она	-	present	P	S		1					Если бы уродина какая… с Лионой, правда, мы в друзьях, а ужонатоявно не Софи Лорен, даже отраженная в кривом зеркале. [Андрей Белянин. Свирепый ландграф (1999)] [омонимия не снята]
main	Уж		они	оценить	future	P	S		1	1				[Чучундрик, nick] Ужонитооценят всю прелесть этих мультфильмов. [коллективный. Форум: Унесенные призраками, Spirited Away (2005-2010)] [омонимия не снята]
main	уж		отсюда	-	-	-	-							И не вставай зря… ― Да ужотсюда-то… как поди? ― Они с руки часы снимают, не то что… оттуда. [Василий Шукшин. Печки-лавочки (1970-1972)] [омонимия снята]
main	уж		так	быть благодарным	present	P	A							― А, матушка, как же я вам благодарна; сами знаете, мышьяк дорого стоит, да ещё и не скоро достанешь его… ужтак-тоя вам благодарна, так благодарна… [Д. В. Григорович. Бобыль (1847)] [омонимия снята]
main	Уж		тот	работать	present	P	S		1	1				[Сергей Викторович, nick] Ужтоттоперсонаж точно давненько там работает. [Новая тема, которую никто пока не трогает (форум) (2008)] [омонимия не снята]
main	уж		тут	вывозить	present	P	S			1				Побольше красот природы ― ужтуттоона, матушка, вывозит! [Т. В. Солоневич. Записки советской переводчицы (1937)] [омонимия не снята]
main	Уж		тут	-	-	P	O							― с торжеством орал он. ― Ужтут―то― правда! Это же здесь, в Казахстане! [Александр Чудаков. Ложится мгла на старые ступени (1987-2000) // «Знамя», 2000] [омонимия не снята]
main	уж		это	понимать	present	P	O		1	1				Ей любовь нужна, а любви шантажом не добьёшься ― ужэто-тоона наверняка понимает. [Вера Белоусова. Второй выстрел (2000)] [омонимия снята]
main	Уж		этот	отмаливаться	present	P	S							― А потом поняла ― нет, не могу… Ужэтот-тогрех не отмаливается. И за неё кто-то должен молиться… [Вера Белоусова. Второй выстрел (2000)] [омонимия снята]
main	уж		этот	сомневаться	past	P	S		1					А Крымов ― жёсткий, идейный коммунист, фанатик, ужэтот-тоне сомневался, а вот арестован. [Василий Гроссман. Жизнь и судьба, часть 3 (1960)] [омонимия снята]
main	уж		я	быть виноватым	past	P	S		1					― Я не знаю… ― забормотала она. ― Ведь никто не был виноват, ужя-тоне виновата, это доказано, и те трое, которых ты знаешь, тоже… [Василий Аксенов. Пора, мой друг, пора (1963)] [омонимия снята]
main	уж		я	сметь коснуться	present	P	S		1	1				― Уж кто-кто, ― ответила она, хохоча, ― а ужя-тосмею коснуться! ― и второй раз раздался сухой треск зонтика, отскочившего от головы Аркадия Аполлоновича. [М. А. Булгаков. Мастер и Маргарита, часть 1 (1929-1940)] [омонимия снята]
main	Уж		им	быть известоно	past	P	O	1	1					Ужимтовсе было известно про нас, ― даже то, чего никогда не было… [Светлана Аллилуева. Двадцать писем другу (1963)] [омонимия не снята]
main	Уж		я	обнимать	past	P	S		1	1				Ужятоее обнимал и целовал, и прижимался к ней! [В. Н. Гельфанд. Дневники 1944-1946 гг. (1944-1946)] [омонимия не снята]
main	Уж		им	быть известным	past	P	S	1	1					Ужимтовсе было известно про нас, ― даже то, чего никогда не было… [Светлана Аллилуева. Двадцать писем другу (1963)] [омонимия не снята]
main	уж		я	стараться	past	P	S		1					― сказал Мишка Смирнов, ― ни одна немецкая баба не ревела, когда я уезжал. А ужятостарался! Чем ты ее приворожил? [Н. Н. Никулин. Воспоминания о войне (1975)] [омонимия не снята]
main	уж		он	знать	past	P	S	1	1					Он видел пружинистую прядь, всегда выбивавшуюся из пучка и петлёй висящую ото лба к уху, видел скулу и кончик носа, сгорал стыдом и желанием и отдал бы в этот миг без колебаний лучшее, чем владел, ― свой безымянный дар, ― чтобы вернуть счастливую простоту и лёгкость, с которой ещё недавно он мог положить указательный палец в ямку под мягким пучком волос и провести от шеи вниз , по узкому позвоночнику, уложенному в ровном желобке вдоль спины, до чуть выпуклого крестца, ― Os sacrum, сакральная кость… почему, кстати, сакральная именно эта? ― и ниже, раздвинув плотно сжатые Musculus glutaeus maximus, миновав нежно-складчатый бутон Anus, проскользнуть в тайную складку Perineum, развести закрытые Labium majus, робкие Vestibulum vaginae, коснуться атласной влажной слизистой ― ужон-тознал всю эту анатомию, морфологию, гистологию, ― приласкать пальцем продолговатое зёрнышко Corpus clitoridis ― пропуск, пробел, сердцебиение… дальше, дальше, ― пройти по редколесью волос, под которым изгиб Mons pubis, перешагнуть через косметический, двойного шитья шов― не знал, что для себя старался, ― подняться к маленькому, с мелкой воронкой пупку, пройти между разбежавшихся в разные стороны, заострённых к соску грудей и остановиться у подключичной ямки так, чтобы под ладонью расходились фигурные скобочки ключиц… [Людмила Улицкая. Казус Кукоцкого [Путешествие в седьмую сторону света] // «Новый Мир», 2000] [омонимия снята]
main	уж		он	знать	past	P	S	1	1					Другой бы принял этот инструмент за ритуальный, масонский или за такой, как у путевых обходчиков, но ужон-то, Башуцкий, знал эти железные молотки на длинной деревянной ручке… [Юрий Давыдов. Синие тюльпаны (1988-1989)] [омонимия снята]
main	Уж		она	знать 	past	P	S	1	1					Ужона-тоточно знала, что с отцом что-то не так! [Вера Белоусова. Второй выстрел (2000)] [омонимия снята]
main	Уж		она	знать	past	P	S	1	1					Ужона-тознала, что такое шикарный ресторан, её отец именно был директором шикарного), поговорили ещё о костре… но цены на хлеб и масло были более животрепещущим предметом беседы. [Эдуард Лимонов. У нас была Великая Эпоха (1987)] [омонимия снята]
main	уж		она	знать	present	P	S	1	1					Весь ее вид говорил о том, что ужонатознает, чем все это кончится. [Андрей Белянин. Свирепый ландграф (1999)] [омонимия не снята]
main	Уж		я	знать	present	P	S	1	1					В классе было 39 учеников, мы беседовали как минимум с 39 родителями (не все семьи были полными), ― и, проводя ежедневно с детьми по 8-9 часов в тесном общении, мы убедились в полной несостоятельности гордых заявлений некоторых родителей: "Ужя-тосвоего сына (дочь) знаю! [М. Э. Боцманова, Р. Д. Триггер. Изучение психологии подростка в лаборатории Д.Б. Эльконина // «Вопросы психологии», 2004] [омонимия снята]
main	уж		я	знать	present	P	S	1	1					Во-первых, Альфред никогда в жизни ничего для него не писал. Поверь мне, ужя-тознаю. Как ты не понимаешь, Спиваков ― это не музыкант Шнитке, не герой его романа. [Сати Спивакова. Не всё (2002)] [омонимия снята]
main	уж		я	знать	present	P	S	1	1					Ну ужя-тознаю, что чепуха. [Юрий Трифонов. Предварительные итоги (1970)] [омонимия снята]
main	уж		я	знать	past	P	S	1	1					После всего-всего, что я пережил, ужя-тоточно знал, что если руки человека это чудо, то уж го-ло-ва это самое расчудесное чудо из всех расчудесных чудес. [Валерий Медведев. Баранкин, будь человеком! (1957)] [омонимия снята]
other	Уж	«	Аланию	знать	present	N	O	1						Уж«Аланию» -тоОсинов знает, как облупленную,―столько матчей провел за «желто-синих» против владикавказцев! [Максим КАДАЕВ. После первого тайма матча 'Ростов' - 'Алания' один из братьев Пономаренко хотел уйти со стадиона // Комсомольская правда, 2011.05.12] [омонимия не снята]
other	Уж		вы	понимать	present	P	S	1						СКОРПИОН Ужвытопонимаете и знаете, что настоящие чувства за деньги не купишь и что "насильно мил не будешь". [Бастрич Александра. ДЕРЖИТЕ СТРАСТИ В УЗДЕ // Труд-7, 2006.11.30] [омонимия не снята]
other	Уж		всё	иметь	past	P	O							Земля, над коей бег свой солнце обращает, И море, что вокруг всю землю обымает, Вселенныя всея пространство и предел, УжвсётоРим в своем владычии имел И не был насыщен: повсюда кораблями Покрылися моря, борющися с волнами, И если златом был какой народ богат, Не мог безбеден быть и был уж сопостат. [М. Н. Муравьев. Петрония Арбитра гражданская брань (1773)] [омонимия не снята]
other	уж		вы	-	-	P	S		1					Потом приходили всякие другие настойчивые, которые уже даже не стесняются говорить, что, мол, ну позарез ваша площадь нужна Russia Today, которая даже пресс-центр МИДа выжила из правого крыла здания, а ужвыто… [Люди Шойгу хотят разогнать Союз журналистов России // Новый регион 2, 2008.02.19] [омонимия не снята]
other	уж		её	терять	inf	P	O		1	1				Дак тожо, старуха пришла, тожо, ужеё-тотерять нечего, пришла, бегала вокруг омёта с иконой кругом бегала. [Календарь и праздники (Архангельская область, 1996)] [омонимия снята]
other	Уж		им	привыкать	inf	P	O		1					Ужимтоне привыкать разделываться с таким соперником как "Сибирь". [Екатерина ОЛЬХОВСКАЯ. Московский 'Спартак' оставил 'Сибирь' в подвешенном состоянии // Комсомольская правда, 2010.10.23] [омонимия не снята]
other	Уж		их	резделять	present	P	O			1				А иногда в бессоннице по строчке, Ужихтоне разделишь на двоих, И не в тетрадке,―просто на клочочке, - Слогалися родные и свои. [klubstihi. То строгие, то грустные, то нежные. http://stihi.ru/2006/12/11-601 (2006)] [омонимия не снята]
other	уж		мне	поверить	present	P	O		1					И счастлива птица! ужмнетоповерь! В темницу теперь не стремиться! [sadmoon. Свободная птица всё грустно глядела http://stihi.ru/2005/11/09-729 (2005)] [омонимия не снята]
other	Уж		мою бумажку	отдавать	present	P	O			1				[Воронов, Алексей Грибов, муж, 48, 1902] Ничего такого особенного. Ужмоюбумажку-тотдайте / пожалуйста. [Директор завода, С. Бобров, муж, 49, 1901] Какую бумажку? [Константин Юдин и др. Смелые люди, к/ф (1950)] [омонимия не снята]
other	уж		мы	становиться	past	P	S		1					и вот и ужмы-тостали вот и побольше и уже купаться действительно. [Летние праздники (село Кужное, Мордовский район, Тамбовская область, 2002)] [омонимия снята]
other	уж		мы	жить	present	P	S		1					А коровы у нас уж выгонены, тут вот Мошу, где ужмы-тоживём-то, туды уж выгонены коровы-те. [Случай из жизни (Архангельская область, 2001)] [омонимия снята]
other	уж		он	разбираться	present	P	S		1					А ужонтов финансах разбирается хорошо. [Викторов Виктор. ДВА СТАБФОНДА. ДВА ВЕСЕЛЫХ ДРУГА? // Труд-7, 2007.04.05] [омонимия не снята]
other	уж		она	мочь	past	P	S		1					Тем более, что у его матери-то никаких следов убийства не обнаружено, а ужонатовполне могла остановить сына. [У следователей по делу Южаковых закончились версии // Комсомольская правда, 2008.07.16] [омонимия не снята]
other	уж		потом	казнить	past	P	-			1				И вот они, видно, попутали, и она, видно, ушла, но потом всё равно её догнали, нигде найти не могут, дак догнали ужпотом-товсё равно, и казнил вот это тожо, отец и казнил. [Религия. Молитва (Архангельская область, 2007)] [омонимия снята]
other	уж		так	-	-	P	-							А ведь тогда так сомневался, и даже корил себя - мол, зачем ужтак―то. [dasha89. И в будущем все http://stihi.ru/2012/03/14/9262 (2012)] [омонимия не снята]
other	Уж		там	продать	future	P	-		1	1				Или как там… Простой и молодой невинный парень, Ужтамтоты продашь душу чертям. [yazicnik. Я часто думал: где осталось моё сердце? http://stihi.ru/2009/02/16/4992 (2009)] [омонимия не снята]
other	уж		этого	отступать	present	P	O			1				Мы с одной-то стороны мы ведь и неграмотные, ничё больше-то и не знаём, но ужэтого-тоначала я не отступаю, конечно. [Религия. Молитва (Архангельская область, 2007)] [омонимия снята]
other	Уж		я	скучать	past	P	S		1					- После битвы со шведами этот матч был немного скучноват… ―Ужятоточно не скучал. [Дмитрий Пономаренко. Константин Барулин: Давно мне так сыграть хотелось! // Советский спорт, 2012.05.13] [омонимия не снята]
other	уж	«	Барса	упускать	future	N	S							И здесь уже искушенный читатель начал засыпать: уж«Барса» -тосвоего не упустит, а в концовке у «Реала», знамо дело, кого-то обязательно удалят. [Евгений Шуваев. Сказка со счастливым концом. "Барселона" завоевала Суперкубок Испании [ВИДЕО] // Советский спорт, 2011.08.18] [омонимия не снята]
other	уж		Ваня	-	-	N	S		1					Мои дети ненаказанными выросли. А ужВанятотем более! Не дай бог кому-нибудь его тронуть. [Брагина Лика. Татьяна Васильева: «У нас нет в семье патриарха, только матриарх» // Труд-7, 2009.10.22] [омонимия не снята]
other	уж		воду	глотать	present	N	O			1				и уж мы это…/ а-а-а…/ глотаем ужводу-то/ ну я маненько это… как пошустрее была/ я вообще шустрая была/ пошустрее/ сразу как это… раз! / и её руку… как ей дала/ сразу схватала// [Случай на реке (Земляные Хутора, Аткарский район, Саратовская область, 2004)] [омонимия снята]
other	уж		время	быть	past	N	-							ну и просила / что мол / больно ужвремя-ттяжёлое было / война / и… никак / мы с мамой-то плохо / у нас никакого запасу нету / ничего мы / только на картошке / на тык… на тыквы / на свёкле только жили / на этим вота / хлебного ничего не было // [Рассказ Кутюмовой об огороде (Саратовская область, Саратов, 1996)] [омонимия снята]
other	уж	…	жись	состоять	past	N	S							А вот это… это тожо я другой раз и подумаю, да, дак ведь уж жись-тосостояла ведь не только сичцас, конечно. [Религия. Загробная жизнь (Архангельская область, 2007)] [омонимия снята]
other	уж		колокола	быть	past	N	S							все / народу полно / оцепили её кругом и говорят / пусть горит лучше // было - то пять колоколов // больно ужколокола-тобыли хорошие / одно было большое / вот у нас звонят / а в другом селе слышно // а другое поменьше / а третье ещё меньше / четвёртое меньше / а пятое тоже небольшое уже // звонили очень хорошо / вот на Паску когда особенно // некоторые ребята умели звонить - то // а мы пляшем на этом / на мосту! [Как церковь сгорела (с. Белогорное, Вольский район, Саратовская область, 1996)] [омонимия снята]
other	уж		Ксешку	брать	future	N	O		1	1				ну приехали и… ну мол… моя-т мама-т и говорит / "ну что ж это / дорогая свекровушка / маменькя" / маменькя её звали / мы ужКсешку-товозьмём // [Рассказ Кутюмовой об огороде (Саратовская область, Саратов, 1996)] [омонимия снята]
other	уж		огонь	гореть	past	N	S							Андрей-то… а ужогонь-тогорел всё уж// [Смерть свекрови (Верховье, Вытегорский район, Вологодская область, 1976)] [омонимия снята]
other	уж		плотвы	-	-	N	S							Чего доброго а ужплотвы-тововсе полно тута. [О жизни (Деулино, Рязанский район, Рязанская область, 1961)] [омонимия снята]
other	уж		потом	придумать	past	P	-							А ужпотом—тоназвание, которое ему придумал производитель, или торговую марку или товарный знак. [Елена АРАКЕЛЯН. Прощай, пломбирчик! // Комсомольская правда, 2011.08.03] [омонимия не снята]
other	уж		походочка	быть	past	N	S							Я уж ходить-то любила, о, у меня ужпоходочка-тобыла / только на выходку. [Человек (Архангельская область, 1996)] [омонимия снята]
other	уж		похорона	прийти	past	N	S			1				замирилась война-та да ужпохорона-тапришла от мужика-т дак / чё уж боле // [Рассказ о жизни (Архангельская область, )] [омонимия снята]
other	уж	«	средние	-	-	N	S			-				- Татьяна Михайловна, существует точка зрения, что сегодня наше общество―это общество конформистов, которое готово принять любую власть. А уж«средние» -тов особенности… Хорошо ли это? [Инна РУДЕНКО. Татьяна Малева, экономист, член научного совета Московского центра Карнеги: Хватит делать из среднего класса дойную корову! // Комсомольская правда, 2001.02.20] [омонимия не снята]
other	уж		удовльствие	получать	past	N	O							Вчера я наконец то осмелел, И ноги взял твои я в плен, Не знаю, было ли тебе приятно, А я ужудовольствиетополучил. [kurgaev1. Вчера я наконец то осмелел http://stihi.ru/2011/09/25/7114 (2011)] [омонимия не снята]
other	Уж		они	знать	present	P	S	1						В День святого Валентина любовники больше всего рискуют «проколоться», утверждают западные детективные агентства. Ужонитознают, что говорят! В этот романтический праздник они работают в авральном режиме. [Юлия ЖУКОВСКАЯ. У частных детективов в День святого Валентина - аврал // Комсомольская правда, 2006.02.14] [омонимия не снята]
other	Уж	«	Спартак	(быть) известен	present	N	S	1						Уж«Спартак» -тоизвестен ребятами с юмором – футболки перед тренировкой никто не рвал? [Александр Боярский. Владимир Бесчастных: "Тяжело смеяться над шутками, не зная языка // Советский спорт, 2011.04.01] [омонимия не снята]
other	уж		ты	знать	present	P	S	1						Теперь ужтытознаешь, Что ты не навсегда, Но зря себя терзаешь Что можно, что нельзя. [georgenolman. Ты думаешь, что можешь http://stihi.ru/2007/05/29-1727 (2007)] [омонимия не снята]
other	уж		я	знать	present	P	S	1						Поверь мне, девочка, ужятознаю Как больно это сердцу пережить Но я сейчас спокойно наблюдаю В душе моей огонь успел остыть… Прохладно стало вдруг… пойду Не мне влюбленные глаза судить Я пережила опять свою беду За пять минут полпачки? [paula0886bkru. Я постою незаметно в сторонке http://stihi.ru/2009/09/08/3102 (2009)] [омонимия не снята]
other	Уж		я	знать	present	P	S	1						Слова, что срываются с губ Твоих, они не правдивы Ужятознаю поверь.. [koln1963. Сегодня закралась тоска http://stihi.ru/2009/04/23/1734 (2009)] [омонимия не снята]
other	уж		я	знать	present	P	S	1						Ты меня прости и я тебя прощаю, А знаеш ты лучше не найдёшь, Поверь ужятознаю! [vikusjonif. Почему мы расстались ты так и не поймёшь http://stihi.ru/2006/06/21-1472 (2006)] [омонимия не снята]
other	уж		я	знать	present	P	S	1						Я не отвечу, все на свете Лишь для тебя, ужятознаю. [dark_wolf. Ты улетела, я не ответил http://stihi.ru/2008/05/05/4525 (2008)] [омонимия не снята]
other	Уж		я	знать	present	P	S	1						И передрягам всем на зло, Любовь жива! Ужятознаю. [pupkinsasha. Иногда бывает, что ночь подарИт http://stihi.ru/2008/12/09/1739 (2008)] [омонимия не снята]
other	уж		я	знать	present	P	S	1						Надев бессмысленные банты Себя за даром предлагаю Да видно не в цене таланты Не в этом суть, ужятознаю. [maljavka. Глядите, люди, что творится http://stihi.ru/2003/05/06-135 (2003)] [омонимия не снята]
other	уж		я	знать	present	P	S	1						Поверьте мне – ужятоэто точно знаю. [Беседу вели Софья БОБОРЕНКО, Ольга ЧУПОВА, Игорь ТЕТЕРИН, «КП» - Северная Европа». «Дима не чувствует себя небожителем, зато помнит и дорожит старыми друзьями» // Комсомольская правда, 2008.06.27] [омонимия не снята]
ru1010	... уж вам то		вам	знать	inf	P	S	1						не знать! Жалкое и убогое зрелище
ru1010	– уж Вам то		Вам	знать	inf	P	S	1						не знать))). Я нигде вроде не писал, что
ru1010	А уж все то		все	знать	present	P	-	1						карантины они знать наверно не могут да
ru1010	(уж вы то		вы	знать	present	P	S	1						знаете его идеалы) да, пошлите его идеалы
ru1010	– уж вы то		вы	знать	present	P	S	1						знаете наверняка какие у вас настройки
ru1010	А уж Вы то		Вы	знать	present	P	S	1						знаете что к чему, подкованы. Только отчего
ru1010	— уж Вы то		вы	знать	present	P	S	1						знаете. Своих детей в мышеловку повезёте
ru1010	что уж вы то		вы	знать	present	P	S	1						точно знаете, каким этому стоит быть
ru1010	, уж Вы то		Вы	знать	present	P	S	1	1					это знаете не понаслышке. Максимум можно
ru1010	, уж Вы то		Вы	знать	present	P	S	1	1					это знаете Он очень рискует. По сути -
ru1010	поскольку уж девушки то		девушки	знать	present	N	S	1						знают, что самая сексуальная часть мужчины
ru1010	и уж его то		его	упрекнуть	inf	P	O	1						, трудно упрекнуть в незнании процесса детопроизводства
ru1010	то уж ее то		ее	знать	present	P	-	1						ИНН вы точно знаете, закажите полную выписку
ru1010	- уж ей то		ей	быть знакомым	past	P	O	1	1					эта роль была знакома не по наслышке. Ну
ru1010	А уж их то		их	знать	present	P	O	1						в Питере наверняка знают, равно как и других
ru1010	, уж камни то		камни	знать	present	N	O	1						я знаю. Настоящий рубин, причем весьма
ru1010	, уж Кендрик то		Кендрик	знать	present	N	S	1						не понаслышке знает, как играть против
ru1010	но уж Лилит то		Лилит	должен знать	inf	N	S	1						должна знать, что действия девушки весьма
ru1010	.... уж мне то		мне	быть известным	present	P	O	1						это известно (один из родителей руководитель
ru1010	, уж он то		он	обижать	future	P	S		1					не обидит ! Ситуация на рынке такова, что
ru1010	Да уж мне то		мне	знать	inf	P	S	1						не знать этого, – ответил я ему, – вместе
ru1010	А уж мы то		мы	помогать	future	P	S		1					со своей пензии поможем, вы ужо и не сумлевайтеся
ru1010	что уж вам то		вам	удаваться	inf	P	S		1					удастся ...не удастся , если для вас сейчас
ru1010	а уж я то		я	-	-	P	S		1					как! :laugh: Простите, опять я размечталась
ru1010	что уж она то		она	уметь	present	P	S		1					умеет присулживаться к клиентам. Я ва принципе
ru1010	как уж мы то		мы	пользоваться	present	P	S		1	1				точно не будем пользоваться химическими
ru1010	, уж мы то		мы	уметь	present	P	S		1					умеем читать между строк и т. д. Как пример
ru1010	Так уж мы то		мы	знать	present	P	S	1						все знаем, что “правила устанавливают американцы
ru1010	, уж мы то		мы	знать	present	P	S	1						знаем ;) Сигнализации с автозапуском
ru1010	- уж мы то		мы	знать	present	P	S	1						знаем как там все было! Уж мы то знаем
ru1010	которую уж мы то		мы	знать	present	P	S	1						знаем кто устраивает и спонсирует, и что
ru1010	святилища уж они то		они	быть	future	P	S							будут. вывод:если руки золотые то дарками
ru1010	.... уж мы то		мы	знать	present	P	S	1						знаем что остров необитаем. ; ) А по поводу
ru1010	а уж мы то		мы	знать	present	P	S	1						знаем, как грамотно подкатить. Выйдя
ru1010	, уж мы то		мы	знать	present	P	S	1						знаем, мой сын там уже 5 месяцев.
ru1010	(уж мы то		мы	знать	present	P	S	1						знаем, что есть разные способы секса),
ru1010	“уж мы то		мы	знать	present	P	S	1						знаем, что такое настоящее качество, что
ru1010	И уж он то		он	цепляться	future	P	S		1					будет цепляться за всех и вся, да и инвесторы-кредиторы
ru1010	- уж я то		я	следить	present	P	S		1					слежу за этим не первый год :) есть сдвиги
ru1010	А уж мне то		мне	дать	past	P	O		1	1				сегодня давно бы дали квартиру от того
ru1010	А уж мы то		мы	знать	present	P	S	1						их знаем! Один математик Григорий Перельман
ru1010	но уж мы то		мы	знать	present	P	S	1						с вами знаем цену их анонсов). Итак, один
ru1010	(уж объем то		объем	научиться	past	N	O							научились увеличивать, прикладывая самые
ru1010	А уж мы то		мы	знать	present	P	S	1						с вами хорошо знаем, что нет ничего более
ru1010	, уж мы то		мы	знать	present	P	S	1	1					уж точно знаем как выполнить правильно
ru1010	Ну уж мы то		мы	знать	present	P	S	1	1					феи знаем где и когда цветут редкие цветы
ru1010	, уж мы то		мы	знать	present	P	S	1	1					это знаем наверняка/ учеников) закончиться
ru1010	... уж мы то		мы	знать	present	P	S	1	1					это знаем точно! Из века в век, работа
ru1010	– уж мы то		мы	знать	present	P	S	1	1					это знаем!! В итоге на ближайшие дни прогноз
ru1010	, уж вы то		вы	смотреть	future	P	S		1					глазами казаков точно смотреть не будете
ru1010	, уж их то		их	переплюнуть	past	P	O			1				никто ещё не переплюнул Фильм должен
ru1010	Ну уж этот то		этот	нуждаться	inf	P	S							фильм в представлении не нуждается! МЕГА
ru1010	- уж они то		они	првынуть	past	P	S		1					привыкли выкладывать круглые суммы за софт
ru1010	а уж бетон то		бетон	залить	future	N	O			1				я и сам залью.... залить то действительно
ru1010	Все-таки уж храм то		храм	будить	inf	N	S							точно должен будить светлые чувства, а
ru1010	, уж они то		они	понаписать	past	P	S		1					в международном праве всякого понаписали
ru1010	, уж вам то		вам	положено	inf	P	S		1					по статусу положено. Пы.Сы. Девочки
ru1010	что уж они то		они	видеть	past	P	S		1					видели историю, от и до… Все в этом городе
ru1010	- уж они то		они	мучаться	present	P	S							точно и явно мучаются и нам сколько хлопот
ru1010	что уж они то		они	делать	past	P	S		1	1				все делали совершенно правильно в своей
ru1010	что уж он то		он	выйти	future	P	S		1	1				запросто выйдет из всего того, во что умудрился
ru1010	а уж приора то		приора	улучшиться	past	N	S							как улучшилась- одни задние фонари чего
ru1010	И уж деньги то		деньги	брать	present	N	O			1				они скромно берут.Лично мне нарвится. Наташа
ru1010	- уж он то		он	оставлять	past	P	S			1				наверняка оставлял на земле канавку, волочась
ru1010	и уж его то		его	пропустить	future	P	O			1				мы не пропустим. Ведь наша Агнесс еще не
ru1010	и уж им то		им	принадлежать	present	P	O							я принадлежу безраздельно. Но все таки
ru1010	Вот уж ужас то		ужас	предстоять	present	N	S							, видимо, предстоит. А я надеюсь, что постарше
ru1010	Джексон-суперпроффесионалы уж они то		они	мочь	past	P	S							могли сыграть лучше.А такое чувство что
ru1010	а уж он то		он	знать	present	P	S	1						, поверьте, знает, что с данной свечой делать
ru1010	Ибо уж он то		он	знать	present	P	S	1						, точно знает, что офисные перегородки и
ru1010	а уж он то		он	знать	past	P	S	1						, точно знал, что такой формулы не существует
ru1010	был уж он то		он	знать	present	P	S	1						в шышках толк знает, послали бы его в Голландию
ru1010	А уж он то		он	знать	present	P	S	1						внутренности Виндовс знает. Вообще
ru1010	, уж Он то		Он	знать	past	P	S	1						все это знал от начала времен. Я просто
ru1010	,уж он то		он	знать	past	P	S	1						всегда знал что делать с мячем после "своего
ru1010	, уж он то		он	знать	present	P	S	1						знает как обращаться с ними. Такой домик
ru1010	а уж он то		он	знать	present	P	S	1						знает как правильно им распорядится. Гоор
ru1010	, уж он то		он	знать	present	P	S	1						знает толк в красивых актрисах..
ru1010	и уж он то		он	знать	present	P	S	1						знает толк в цифрах. К вышеизложенному
ru1010	- уж он то		он	быть в курсе	present	P	S	1						в курсе того дела. С этим - к нему.
ru1010	а уж он то		он	знать	present	P	S	1						знает чем все обернется и такого рода залог
ru1010	что уж он то		он	знать	present	P	S	1						знает, где такая Латвия расположена. Точно
ru1010	, уж он то		он	знать	present	P	S	1						знает, рушатся пирамиды сами, или их рушат
ru1010	, уж он то		он	знать	present	P	S	1						знает, что где и как. И Сурков его шеф
ru1010	- уж он то		он	знать	present	P	S	1						знает... Выглядел телевизор совершенно
ru1010	вот уж поручни то		поручни	быть	present	N	S							там есть или заборчик какой-нибудь ажурный
ru1010	а уж он то		он	знать	past	P	S	1						знал толк в еде и напитках. Впервые мохито
ru1010	, уж он то		он	знать	past	P	S	1						знал цену свободы и рабства. Нет у свободы
ru1010	Ну уж я то		я	выжить	future	P	S		1					выживу и близких уберегу, забьюсь в дыру
ru1010	и уж он то		он	знать	past	P	S	1						знал, что проповедывать может только Брамин
ru1010	и уж своих то		своих	приходится	inf	P	O							им придется кормить или выпускать наверх
ru1010	ты уж всех то		всех	грести	future	P	O			1				не греби под одну гребенку. И типа я вроде
ru1010	- уж его то		его	обнаружить	past	P	O			1				Хель бы обнаружила! Теряясь в догадках
ru1010	- уж его то		его	истреблять	future	P	O			1				они истребят быстро и без колебаний. Ему
ru1010	(уж Англия то		Англия	упустить	past	N	S							в жизни не упустила случая отхватить себе
ru1010	, уж она то		она	думать	present	P	S		1					думаю знает лучше нас всех свою дочь и
ru1010	Но уж она то		она	найти	future	P	S			1				точно найдет этому фрукту лучшее применение
ru1010	– уж мы то		мы	наработаться	future	P	S		1					по любому его наработаемся... Опять ремонт
ru1010	Раз уж пятница то		пятница	-	-	N	S							пятничный вопрос: если ребенок в 4 месяца
ru1010	- уж меня то		меня	научить	past	P	O		1					, тёмного человека, научили, а вам то грех
ru1010	, уж он то		он	знать	present	P	S	1						по своему опыту знает каким должен быть
ru1010	поскольку уж он то		он	знать	present	P	S	1						точно знает всю подоплеку нынешней власти
ru1010	а уж дети то		дети	пищать	present	N	S		1					просто пищат от восторга. В самом зоопарке
ru1010	(уж он то		он	знать	past	P	S	1	1					хорошо знал все свойства человеческого
ru1010	а уж он то		он	знать	past	P	S	1	1					хорошо знал настоящую историю, достоверную
ru1010	, уж он то		он	знать	past	P	S	1	1					это знал доподлинно, а так налетался вволю
ru1010	им уж они то		они	продать	future	P	S		1					тебя не продадут. Верь в светлое
ru1010	- уж вы то		вы	описывать	future	P	S		1	1				опишите в таком случае ацкую схему этого
ru1010	, уж ей то		ей	хватать	inf	P	O							всегда мяса хватало, а потом шла на водопой
ru1010	- уж он то		он	смочь	future	P	S		1					всегда сможет отложить, припрятать дефицитный
ru1010	что уж они то		они	посоветовать	future	P	S		1					плохого не посоветуют мой отпуск
ru1010	– уж их то		их	подвергать	past	P	O							она не подвергала сомнению, а именно она
ru1010	а уж ведьмам то		ведьмам	-	-	N	O		1					как надо Все только ведутся по линии
ru1010	- уж он то		он	написать	past	P	S		1	1				бы поболе и поинтереснее написал.
ru1010	, уж она то		она	знать	present	P	S	1						знает - опыт не пропьешь!!! )))))
ru1010	, уж она то		она	знать	present	P	S	1						знает много об этих выдающихся людях. Можно
ru1010	то уж она то		она	знать	present	P	S	1						знает мужа как облупленного. Если она и
ru1010	, уж она то		она	знать	present	P	S	1						знает толк в пирожках и борщик у нее наваристый
ru1010	А уж она то		она	знать	past	P	S	1						знала толк в красоте. Клеопатра сделала
ru1010	, уж она то		она	знать	past	P	S	1						знала что такое голод. Но на сколько она
ru1010	, уж она то		она	знать	past	P	S	1						знала, что Летта постоянно занятая, такая
ru1010	а уж персоналки то		персоналки	пересчитать	inf	N	O			1				и по пальцам наверное пересчитать можно
ru1010	Ну уж нам то		нам	грозить	present	P	O		1					это точно "не грозит"... А Тойоте просто
ru1010	) уж я то		я	ошибиться	future	P	S		1	1				не ошибусь!!!:) Он старше меня на
ru1010	, уж она то		она	знать	present	P	S	1						прекрасно знает, что такое этот предмет
ru1010	гади уж она то		она	знать	present	P	S	1						точно знает под кого подложила риттузю
ru1010	но уж она то		она	знать	past	P	S	1	1					точно знала, что никому не продавала принадлежащую
ru1010	- уж хозяйка то		хозяйка	защитить	future	N	S		1					всегда защитит от неприятностей.
ru1010	, уж я то		я	видеть	past	P	S		1					видел действительно несгибаемых людей в
ru1010	, уж он то		он	быть	past	P	S		1					точно был не вправе ее задерживать. Ну
ru1010	А уж они то		они	смыслить	present	P	S	1						смыслят в казни. Он сон забыл, презрел
ru1010	– уж кружка то		кружка	пригодиться	future	N	S							точно в домен пригодиться. Но даря кружку
ru1010	хотя уж мы то		мы	иметь	past	P	S		1					вроде имели на это право – ведь мы одни
ru1010	Хотя уж он то		он	мочь	past	P	S		1					вполне мог завести себе очень дорогого
ru1010	а уж он то		он	понимать	present	P	S		1					в скорых реально понимает лучше нас всех
ru1010	а уж они то		они	быть осведомленным	present	P	S	1						в полной мере осведомлены о потребностях
ru1010	...уж они то		они	быть виноватым	present	P	S		1					действительно не виноваты..они точно играют
ru1010	мере уж губы то		губы	подкрасить	future	N	S			1				обязательно подкрасит. Так что без стандартного
ru1010	? уж этот то		этот	оказаться	future	P	S		1					точно окажется в итоге козлом отпущения
ru1010	а уж они то		они	знать	past	P	S	1						знали толк в сушке, зачем изобретать велосипед
ru1010	– уж их то		их	погладить	future	P	O			1				и погладят, и обнимут, и в мохнатую щечку
ru1010	– уж ей то		ей	хватать	inf	P	O							прыткости и динамики хватало. Поэтому забыв
ru1010	А уж они то		они	быть заинтересованным	future	P	S		1					будут кровно заинтересованы в том, чтобы
ru1010	но уж они то		они	быть должным	present	P	S		1					должны мне помочь! Поэтому критерий номер
ru1010	, уж наркоту то		наркоту	достать	inf	N	O			1				там достать не проблема haglar, ты бы лучше
ru1010	– уж его то		его	можно	inf	P	O							можно и «сам на сам» пить! И вот я уже
ru1010	– уж мы то		мы	навидаться	past	P	S		1					навидались различных вариантов тюнинга
ru1010	что уж я то		я	выстрелить	future	P	S		1	1				выстрелю, не так ли?.. Бросьте пистолет
ru1010	и уж их то		их	обмануть	future	P	O		1					никто никогда не сможет обмануть! Чем вопить
ru1010	что уж моя то		моя	быть способным	inf	P	S		1					точно на такое не способна. и если уж и
ru1010	и уж они то		они	давать	future	P	S		1	1				своим детям все дадут, а остальные как-это
ru1010	что уж его то		его	-	inf	P	-		1					голос верняк важный. Вобщем-то идея эта
ru1010	а уж они то		они	знать	present	P	S	1						знают в этом толк! И помните, что самые
ru1010	а уж они то		они	знать	present	P	S	1						знают в этом толк. Ответы на самые распространенные
ru1010	а уж они то		они	знать	present	P	S	1						знают в этом толк. Приводим ответы
ru1010	(уж они то		они	знать	present	P	S	1						знают к кому именно надо подойти с таким
ru1010	74 уж ты то		ты	-	-	P	S		1					вроде авиатор со стажем!))) RAID74
ru1010	, уж они то		они	знать	present	P	S	1						знают толк в роскоши и архитектурных шедеврах
ru1010	, уж они то		они	знать	present	P	S	1						знают чаяния и наказы избирателей) 2. При
ru1010	, уж они то		они	знать	present	P	S	1						знают что после интересных приключений
ru1010	а уж они то		они	знать	present	P	S	1						знают, в твердую сталь. Он обвиняет лечебное
ru1010	– уж туалеты то		туалеты	-	-	N	S							у них почище чем во всей Европе - особенно
ru1010	а уж они то		они	знать	present	P	S	1						знают, где в столице стоит жить и растить
ru1010	(уж они то		они	знать	present	P	S	1						знают, где взять дешевый трафик) так же
ru1010	А уж они то		они	знать	present	P	S	1						знают, где там скилеты в шкафах. Недаром
ru1010	и уж они то		они	знать	present	P	S	1						знают, как и что надо делать. В общем,
ru1010	А уж они то		они	знать	present	P	S	1						знают, как сделать так, чтоб такой текст
ru1010	что уж они то		они	знать	present	P	S	1						знают, как там оно вышло измени ему так
ru1010	а уж они то		они	знать	present	P	S	1						знают, каком обличье она вибротренажеры
ru1010	а уж они то		они	знать	present	P	S	1						знают, пениса дрогнул. препараты для похудения
ru1010	, уж они то		они	знать	present	P	S	1						знают, что всегда найдутся те, кто хочет
ru1010	Консулу- уж они то		они	знать	present	P	S	1						знают, что написать. Удачи и не дрейфь!
ru1010	а уж они то		они	знать	present	P	S	1						знают, что просто так ничего не происходит
ru1010	, уж они то		они	знать	present	P	S	1						знают) 4. Для каждого «набора», полученного
ru1010	А уж они то		они	знать	present	P	S	1						лучше всех знают на чем стоит голд зарабатывать
ru1010	а уж они то		они	знать	present	P	S	1						лучше знают куда и как его использовать-так
ru1010	, уж они то		они	знать	present	P	S	1						лучше знают(hu) Зоя А подскажите
ru1010	и уж они то		они	знать	present	P	S	1						лучше нас знают как ее решить.Было бы достаточно
ru1010	и уж его то		его	заплюсовать	future	P	O			1				и заплюсует бдительный модер. Вот подобные
ru1010	, уж они то		они	знать	present	P	S	1						наверняка знают дорогу. В доках зайдите
ru1010	и уж они то		они	знать	present	P	S	1						наверняка знают что делать!!! Прошу
ru1010	,уж они то		они	знать	present	P	S	1	1					точно знают как надо жить. Эта статья
ru1010	, уж они то		они	знать	past	P	S	1	1					это знали … Они отбрасывали тень света
ru1010	- уж его то		его	кидать	future	P	O		1	1				никто "не кинет", он же и "грамотный" и
ru1010	все уж они то		они	придумать	future	P	S		1					наверное че-нибудь поумнее придумают, а
ru1010	, уж они то		они	показать	past	P	S		1	1				б этим Кличко показали и т. д. и т. п.
ru1010	и уж нашим то		нашим	знать	inf	P	-	1	1					читателям это не знать) – то ли еще будет
ru1010	, уж я то		я	помнить	present	P	S		1					помню. Art-ХАБАР ( #107887 ): Тёма, не
ru1010	И уж она то		она	мочь	future	P	S		1					, наверное, сможет развеять его страхи!
ru1010	а уж она то		она	постараться	past	P	S							постаралась, чтобы все его время было заполнено
ru1010	, уж парочка то		парочка	найтись	inf	N	S							точно найдется. А если подумать,
ru1010	что уж снега то		снега	быть	future	N	O							пока не будет. Стартую в 9-м часу, в субботнее
ru1010	А уж плита то		плита	знать	present	N	O	1						даже не знают где включается.Так что это
ru1010	. </p><p> уж ты то		ты	гнобить	present	P	S		1					Верку не гноби. Ей ответ интересен больше
ru1010	то уж редакция то		редакция	мочъ	past	N	S							могла это сделать Это же позорище - такие
ru1010	уверенностью уж они то		они	находиться	past	P	S							находились под постоянным наблюдением.
ru1010	- уж мы то		мы	организовывать	future	P	S		1	1				тебе организуем. Там местные (Слава с Валерой
ru1010	а уж казуалки то		казуалки	щелкать	present	N	O			1				вообще как орешки щелкает. А вообще
ru1010	что уж он то		он	оказаться	future	P	S		1					не окажеться на таком самолёте..
ru1010	. уж они то		они	пропускать	future	P	S		1					лажу не пропустят. доходило до того
ru1010	- уж он то		он	выходить	future	P	S		1					точно никогда не выйдет на Манежную площадь
ru1010	. уж он то		он	любить	present	P	S		1					(астахов) любит громкие дела, а тут резонанс
ru1010	что уж он то		он	быть виноватым	present	P	S		1					виноват в последнюю очередь. Главный орбитр
ru1010	что уж Вам то		Вам	волноваться	inf	P	S		1					волноваться не стоит. У вас там на железке
ru1010	,уж они то		они	ехать	future	P	S		1					точно не едут в Россию,им все рассказали
ru1010	такой уж психолог то		психолог	должен знать	inf	N	S	1						должен знать что это первый шаг ошибки-доказывать
ru1010	что уж стеной то		стеной	отгораживаться	inf	N	O			1				отгораживаться, мы же не враги, а очень
ru1010	, уж я то		я	есть	past	P	S		1					их ела и есть с чем сравнить. И стоили
ru1010	а уж они то		они	подтащить	future	P	S		1					по ходу подтащат близких по духу "исполнителей
ru1010	, уж полиция то		полиция	найти	past	N	S		1	1				для 100-120 болельщиков нашла бы несколько
ru1010	но уж родители то		родители	знать	inf	N	S	1						их должны знать... Купер А,
ru1010	что уж они то		они	достаить	future	P	S		1					доставят вас прямо в Ташкент - это разводка
ru1010	? уж ею то		ею	пользоваться	present	P	O			1				пользуется каждый второй это точно!
ru1010	что уж себя то		себя	знать	present	P	O	1						любимую я отлично знаю. Ан нет , дудки.
ru1010	а уж пользы то		пользы	-	-	N	S							в нем сколько.... Обязательно добавим
ru1010	, уж их то		их	смочь	future	P	O		1					она точно сможет развести на сережки с
ru1010	А уж кастомные то		кастомные	быть	future	N	S							точно будут. На счёт лидирует не
ru1010	, уж я то		я	увидеть	past	P	S		1					увидел хотя бы кое-какие вещи, ч/з которые
ru1010	Но уж король то		король	надевать	past	N	S		1	1				без сомнения не надевал медяшку или железку
ru1010	то уж такими то		такими	обладать	present	P	-	1						знаниями обладаю. И нечего меня презирать
ru1010	А уж смерч то		смерч	мочь	past	N	O							они не могли не заметить. - Странно
ru1010	– уж те то		те	знать	past	P	S	1	1					точно знали, как выжить вдали от цивилизации
ru1010	А уж они то		они	найти	future	P	S		1	1				найдут за что всех ВАС перестрелять...уверен
ru1010	- уж вам то		вам	должно	inf	P	S		1					должно быть интересно!!! А нам - как скажете
ru1010	а уж мой то		мой	-	-	P	S		1					темболее. Вот теперь хочу так же на электро
ru1010	Хотя уж ты то		ты	должен знать	inf	P	S	1						должен знать про многочисленные препятствия
ru1010	хотя уж ты то		ты	должен знать	inf	P	S	1						должен знать про ответа не добьешься».
ru1010	, уж ты то		ты	знать	present	P	S	1						знаешь всю мою историю не по форумам, а
ru1010	что уж ты то		ты	знать	present	P	S	1						знаешь историю самую правильную.
ru1010	но уж ты то		ты	знать	present	P	S	1						знаешь, не правда ли? Элайа снова захихикала
ru1010	, уж ты то		ты	знать	present	P	S	1						знаешь,-- Борланд уже полностью контролировал
ru1010	а уж шуму то		шуму	быть	past	N	O							было, шуму! абсолютно ординарный спектакль
ru1010	что уж ее то		ее	-	-	P	-		1					прелести натуральные. Но наше внимание
ru1010	, уж ты то		ты	знать	present	P	S	1	1					это знаешь. Но когда мог, жил кротко и
ru1010	- уж мне то		мне	насрать	past	P	O		1	1				насрали-насрали в Книгу жизни, а я прямо
ru1010	,уж тебе то		тебе	знать	inf	P	O	1						откуда знать?Свечку держал когда ?.и ты
ru1010	- уж их то		их	отличить	inf	P	O							отличить проще других:) - у меня сестра
ru1010	что уж тренер то		тренер	знать	present	N	S	1						как психолог, точно знает, что упражнения
ru1010	И уж они то		они	убивать	past	P	S		1	1				,точно её не убивали! Что то раньше вы их
ru1010	А уж прихожане то		прихожане	-	-	N	S		1					лицемеры. Сколько кричали, что если разрешат
ru1010	а уж оно то		оно	быть	past	P	S							и при коммунистах было. А от звона монет
ru1010	я уж ваших то		ваших	выкладывать	present	-	-			1				попов брюхатых не выкладываю, что ж это
ru1010	а уж она то		она	-	-	P	S		1					лучше меня. - Да брось, ты, Алка, не повезло
ru1010	а уж он то		он	упустить	past	P	S		1					символы вконтакте скачать упустил не ведающими
ru1010	что уж это то		это	знать	present	P	S	1						суппорт хотя бы знает), но и мне кажется
ru1010	, уж это то		это	знать	past	P	S	1	1					Хок знал очень хорошо — по собственному
ru1010	, уж это то		это	знать	present	P	S	1						я знаю, на моих глазах многие разбогатели
ru1010	Ну уж это то		это	знать	present	P	S	1						я точно знаю, что моя дочь не может выйти
ru1010	, уж тебе то		тебе	грозить	future	P	O		1					точно ничего не грозит , ты же не журналист
ru1010	, уж оно то		оно	обмануть	future	P	S							вас точно не обманет. Существует
ru1010	, уж они то		они	заслуживать	present	P	S		1					точно не заслуживают той жизни в которой
ru1010	- уж мужчины то		мужчины	заслужить	present	N	S		1					точно ничего хорошего не заслуживают.Ч
ru1010	- уж он то		он	найти	future	P	S		1	1				найдет с охраной общий язык д)отвечать
ru1010	- уж вы то		вы	мочь	past	P	S		1					могли бы. Я проложил дорогу. Теперь белоручки
ru1010	А уж они то		они	-	-	P	S		1					мастера провокаций. Весь мир об этом знает
ru1010	- уж контролёры то		контролёры	понимать	present	N	S		1					понимают, что если они начнут проверять
ru1010	- уж он то		он	-	-	P	S		1					точно не дурак, он король дураков.
ru1010	- уж вы то		вы	знакомиться	past	P	S		1	1				наверняка с материалами дела знакомились
ru1010	- уж мы то		мы	понимать	past	P	S		1					понимали друг друга с полу слова.
ru1010	, уж я то		я	делать	past	P	S		1	1				сама так делала знаю, только гадко потом
ru1010	- уж его то		его	должно	inf	P	O							должно хватить! Сейчас уже 115А есть
ru1010	, уж я то		я	знать	present	P	S	1						знаю :) Пожалуй, я знаю, что мне сейчас
ru1010	, уж я то		я	знать	present	P	S	1						знаю (мне давали на неделю погонять). От
ru1010	- уж я то		я	знать	present	P	S	1						знаю ))) Автор: Заголовок сообщения
ru1010	и уж я то		я	знать	present	P	S	1						знаю всех кто тут играл, и уж твоего мнения
ru1010	! уж я то		я	знать	present	P	S	1						знаю заебал газ а снимать жалко ! дешевле
ru1010	- уж я то		я	знать	present	P	S	1						знаю как сделать PR из ничего - организаторы
ru1010	, уж я то		я	знать	present	P	S	1						знаю как это делается))))) Все тут
ru1010	, уж я то		я	знать	present	P	S	1						знаю какой здесь креатив, на своей шкуре
ru1010	. уж я то		я	знать	present	P	S	1						знаю коим в какой то степени являюсь! им
ru1010	но уж я то		я	знать	present	P	S	1						знаю насколько она "хороша"... Лучше наших
ru1010	, уж я то		я	знать	present	P	S	1						знаю о чем говорю! Когда ко мне в аудиторию
ru1010	(уж я то		я	знать	present	P	S	1						знаю по своему горькому опыту) и желаю
ru1010	что уж я то		я	знать	present	P	S	1						знаю по-настоящему клевые места. Здесь
ru1010	,уж я то		я	знать	present	P	S	1						знаю чем он занимался и в основной деятельности
ru1010	- уж музыку то		музыку	писать	past	N	O			1				писали профессионалы :). Вероятно через
ru1010	и уж я то		я	знать	present	P	S	1						знаю, как выиграть в букмекерской конторе
ru1010	, уж я то		я	знать	present	P	S	1						знаю, как не приятно слышать про свою полноту
ru1010	– уж Вы то		Вы	соскучиваться	future	P	S		1					точно не соскучитесь, а свой досуг постоянно
ru1010	пушинки уж я то		я	знать	present	P	S	1						знаю, я сама весила 65кг сейчас слава богу
ru1010	..уж я то		я	знать	present	P	S	1						знаю,что говорю. На мой взгляд, девочка
ru1010	(уж я то		я	знать	present	P	S	1						знаю!) колокольный звон. И представьте
ru1010	(уж я то		я	знать	present	P	S	1						знаю!). Если же ты хочешь, чтоб тебя пожалели
ru1010	, уж я то		я	знать	present	P	S	1						знаю. Ведь совсем не сложно поддерживать
ru1010	, уж я то		я	знать	present	P	S	1						знаю. И планки Комода не помогут. Решай
ru1010	, уж я то		я	знать	present	P	S	1						знаю. Ознакомившись со списком тарифов
ru1010	– уж я то		я	знать	present	P	S	1						знаю. Такое дело никому не осилить. А если
ru1010	- уж он то		он	быть	future	P	S		1					точно будет с вами на конкурсе. Надеяться
ru1010	, уж я то		я	знать	present	P	S	1						знаю... Если надумаете брать с собой колбасу
ru1010	. уж я то		я	знать	present	P	S	1						знаю... Может быть какая-то кошка
ru1010	но уж я то		я	знать	present	P	S	1						знаю... Эх, Серега сразу бы разобрался,
ru1010	, уж я то		я	знать	present	P	S	1						знаю...!" Татьяне - респект! За такт и
ru1010	, уж я то		я	знать	present	P	S	1						знаю..... Следовательно, кредит —
ru1010	,уж я то		я	знать	present	P	S	1						знаю.Пажайлусто помогите!? Здравствуйте
ru1010	, уж я то		я	знать	present	P	S	1						знаю") Хотя Государственный Центр
ru1010	Да уж он то		он	помочь	future	P	S							нам очень поможет. -Может в лагере
ru1010	(уж я то		я	знать	present	P	S	1						знаю),но это очень круто,поверьте...жители
ru1010	(уж я то		я	знать	present	P	S	1						знаю). а Казанова всё-таки страшный
ru1010	(уж я то		я	знать	present	P	S	1						знаю). Есть же даже пословицы "Меньше знаешь
ru1010	- уж я то		я	знать	present	P	S	1						истину знаю, а знаеш ли ее ты, я проверю
ru1010	что уж я то		я	знать	present	P	S	1						лучше всех знаю кто достоин приза. Вот
ru1010	– уж я то		я	знать	past	P	S	1						об этом знал точно. У меня была коллекция
ru1010	что уж Наши то		Наши	сдать	future	P	O		1	1				никогда не за какие лаваши не сдадут.
ru1010	, уж я то		я	знать	present	P	S	1						себя знаю! и так как... Раздел каталога
ru1010	… уж я то		я	знать	present	P	S	1						себя знаю. Инвентаризация или как
ru1010	,уж я то		я	знать	present	P	S	1						точно зна !),та и годится. Тем более,что
ru1010	, уж я то		я	знать	present	P	S	1	1					точно знаю (благо 7 лет знакомы и каждый
ru1010	,уж я то		я	знать	present	P	S	1	1					точно знаю =)))) В собрании не бьют
ru1010	И уж я то		я	знать	present	P	S	1	1					точно знаю как они старались над этой песней
ru1010	что уж я то		я	знать	present	P	S	1	1					точно знаю как правильно. Даже если это
ru1010	и уж я то		я	знать	present	P	S	1	1					точно знаю кто у кого и кто чей язык знать
ru1010	, уж я то		я	знать	present	P	S	1	1					точно знаю чем надо заниматься, а чем нет
ru1010	что уж я то		я	знать	present	P	S	1	1					точно знаю что такое биться головой о стену
ru1010	, уж я то		я	знать	present	P	S	1	1					точно знаю это. Но постараться понять можно
ru1010	, уж я то		я	знать	present	P	S	1	1					точно знаю, ведь сам когда-то учился блоггингу
ru1010	, уж я то		я	знать	present	P	S	1	1					точно знаю, наградки полученные таким образом
ru1010	, уж я то		я	знать	present	P	S	1	1					точно знаю! Разведу ка я какого нибудь
ru1010	, уж я то		я	знать	present	P	S	1	1					точно знаю. В комнате тихо заиграла
ru1010	— уж я то		я	знать	present	P	S	1	1					точно их знаю, и даже слишком! Их философию
ru1010	Лимонова уж я то		я	знать	present	P	S	1	1					точно хорошо знаю и стиль его слогана и
ru1010	и уж я то		я	знать	present	P	S	1	1					хорошо знаю девчоночьи страхи темноты и
ru1010	стоит уж я то		я	знать	present	P	S	1	1					хорошо знаю эту группу . Решил быть
ru1010	, уж я то		я	знать	present	P	S	1	1					это знаю !!! А этот хрен фото , потому
ru1010	, уж я то		я	знать	present	P	S	1	1					это знаю, а все вокруг говрят что моя копия
ru1010	, уж я то		я	знать	present	P	S	1	1					это знаю, ведь это я кричу. В год
ru1010	, уж я то		я	знать	present	P	S	1	1					это знаю. А какие у нее красивые тонкие
ru1010	мне уж я то		я	знать	present	P	S	1	1					это знаю.здоровья вам всем .))))))))))))))))))
ru1010	душой уж я то		я	знать	present	P	S	1	1					это точно знаю, ну вредные иногда.... зато
ru1010	, уж я то		я	знать	present	P	S	1	1					это точно знаю. Бидж увидела в углу
ru1010	, уж ей то		ей	помочь	future	P	O		1					старенькой глядишь и помогут, вот тебе
ru1010	, уж она то		она	ошибаться	present	P	S		1					не ошибается. На показе могущественного
ru1010	и уж половину то		половину	слопать	future	N	O							слопает, если не промаргает все, толкая
ru1010	что уж эти то		эти	знать	present	P	S	1						парни и девчата точно знают, что нужно
ru1010	. уж я то		я	узнать	past	P	S		1					точно узнал про "3-ри зелёные полоски"
ru1010	а уж мы то		мы	делать	past	P	S		1	1				с братом точно это делали. Но он жив и
ru1010	, уж я то		я	потеряться	future	P	S		1					не потеряюсь ОТСЮДОВА, будь спок!
ru1010	што уж их то		их	быть востребованным	future	P	-		1					ПрафисиАнальные навыки всегда будут востребованы
ru1010	а уж они то		они	-	-	P	S							точно мои, особенно теперь. с вами рядом
ru1010	А уж я то		я	бояться	present	P	S		1					как Вас боюса :) Я конечно немного
ru1010	, уж тебе то		тебе	должно быть	inf	P	O		1					должно быть до лампочки его интерфейс.
ru1010	Но уж воду то		воду	смочь	future	N	O			1				она сможет выпить? Да. Воду она выпила,
ru1010	, уж он то		он	-	-	P	S		1					в футболе и все что с футболом связано