	Center	Punct\cont	X	VERB	N\P	S_O	Time	KNOW	Perso?	Act				Full context
main	Уж		адреса	мочь узнать	N	O	past	1						Ужадреса-тоон наверняка мог узнать ― как-нибудь потихоньку, не привлекая внимания. [Вера Белоусова. Второй выстрел (2000)] [омонимия снята]
main	уж		артиста	-	N	O	present		1					Вот такое же разное мнение бывает при оценке того или иного человека, а ужартистатемболее. [Евгений Весник. Дарю, что помню (1997)] [омонимия не снята]
main	уж		Андрей	знать	N	S	past	1	1					Грудь и бёдра ― в обычной восемнадцатилетней норме, почти не выделяются, но ужАндрей-тознал, что они могут расширяться и укрупняться, что они ― как лошадиные силы в моторе, временно отключённом. [Анатолий Азольский. Лопушок // «Новый Мир», 1998] [омонимия снята]
main	Уж		асфоманты	найти	N	S	past		1	1				― Ужасфоманты-тонашли бы способ выразить протест! [Вера Белоусова. Второй выстрел (2000)] [омонимия снята]
main	уж		бактерия	загоношится	N	S	future			1				Вот это страшно! Вот ужбактерия-тозагоношится! ― Он потряс кулаком. [Андрей Волос. Недвижимость (2000) // «Новый Мир», 2001] [омонимия снята]
main	уж		баран	блестать	N	S	present							Почвы не режет соха, уже не режет лозы виноградарь; Снял уж и пахарь ярмо с исстрадавшейся выи бычачьей; Мягкая шерсть позабыла облыжной обманывать краской: Нет, на лугу уж баран то приятною блещет порфирой, То золотистым шафраном, то ярким огнем багряницы. [Ф. Ф. Зелинский. Первое светопреставление (1916)] [омонимия не снята]
main	уж		вздору	навалять	N	O	past			1				Что ж, беги, карандаш, так и быть, только постарайся уж как-то поприличнее, посуше, чтобы и серьёзные люди нашли хоть малый толк в твоих писаниях, постарайся хотя бы без вымысла, без фантазий, довольно ужвздору-тонавалял ― в ящики не закатывается. [Василий Аксенов. Круглые сутки нон-стоп // «Новый Мир», 1976] [омонимия снята]
main	уж	«	Зверей	-	N	O	present			.				― Ну, уж«зверей» -тотут куда нехорошо! [И. А. Гончаров. Обыкновенная история (1847)] [омонимия не снята]
main	уж		землю	холить	N	O	past			1				С какой, бывало, радостью и ожесточением набрасывался он на свой огород, унавоживал — выгребал навоз до последней лопаты, а уж землю то холил — перебирал руками чуть ли не каждую горсть. [Федор Абрамов. Братья и сестры (1958)] [омонимия не снята]
main	Уж	«	Интернационал	исполнять	N	O	past			1				Уж«Интернационал» -тоопределенно исполнял на партийных заседаниях в своей конторе. [Валериан Скворцов. Каникулы вне закона (2001)] [омонимия не снята]
main	уж	«	Масленницу	похерить	N	O	future			1				Ты уж«масленицу» -топохерь до ночи, завтра-то глядеть грех. [И. С. Шмелев. Лето Господне (1927-1944)] [омонимия не снята]
main	Уж		меня	встречать	P	O	future		1	1				Ужменятобудут встречать воплями и дрекольем. [Андрей Белянин. Свирепый ландграф (1999)] [омонимия не снята]
main	уж		Миняйлова	взять в мужья	N	O	future		1	1				В школе мне казалось, что ужМиняйловатоточнго никто в мужья не возьмёт: -P. [Беременность: Планирование беременности (форум) (2005)] [омонимия не снята]
main	уж	«	Носороги	-	N	S	present							Допустим, что некоторые пьесы слишком для вас необычны. Но уж«Носороги» -то?! Опубликовали, обещали и не поставили! [Самуил Алешин. Встречи на грешной земле (2001)] [омонимия не снята]
main	уж		рыбкой	обеспечить	N	O	future			1				Купите мне ружьё для подводной охоты, и ужрыбкой-тоя вас обеспечу. [Василий Аксенов. Звездный билет // «Юность», 1961] [омонимия снята]
main	уж		сходстово	-	N	S	present							Не то, чтобы они очень, слишком бы мешали друг другу, а ужсходство-точересчур "того": т. е. так отвратительно похожи они и так обидно карикатурят один другого, что хоть плачь. [И. Ф. Анненский. Вторая книга отражений (1909)] [омонимия снята]
main	ужъ		тут	-	N	A	-							вотъ ужътутътоя невиненъ, какъ барашекъ! [А. С. Пушкин. Письмо П. А. Вяземскому (1825)] [омонимия не снята]
main	уж		часы	взял	N	O	past			1				Ну, а тут, гляжу человек все одно ― царство ему небесное ― пропал, так я ужчасытоу него и кошелек взял на память…» [О. С. Минор. Это было давно... (1933)] [омонимия не снята]
main	уж		вам	-	P	S	present		1					― Кому-то, может, и нельзя, но ужвам―то, конечно, можно. [Владимир Войнович. Москва 2042 (1986)] [омонимия не снята]
main	уж		вы	вернуть	P	S	future		1	1				― А ужвы-товсё на старые рельсы хотите вернуть? [Василий Гроссман. Жизнь и судьба, часть 2 (1960)] [омонимия снята]
main	Уж		его	аннигилировать	P	S	future		1	1				― спросил я. ― Ужеготовы, конечно, аннигилируете. ― Не аннигилируем, а утилизируем, переработаем и в виде вторичного продукта отправим на его родину. [Владимир Войнович. Москва 2042 (1986)] [омонимия не снята]
main	уж		её	-	P	O	present		1					Про Елену и говорить нечего, ужеё-тожизнь как на ладони: и добрая, и тихая, и сердобольная, всех кошек жалела, а про Флотова-то забыла? [Людмила Улицкая. Казус Кукоцкого [Путешествие в седьмую сторону света] // «Новый Мир», 2000] [омонимия снята]
main	уж		её	поблагодарить	P	O	past		1	1				Акт унижения власти пришлось отложить до лучших времён, поскольку Галина Леонидовна исчезла, а уж её-то стоило поблагодарить: в Андрее Николаевиче закопошилась смелая до безумия идея ― как изменить общественный строй в СССР. [Анатолий Азольский. Лопушок // «Новый Мир», 1998] [омонимия снята]
main	уж		её	отпускать	P	O	present		1					И самое страшное, что ужеетоу меня нет ни малейшего желания отпускать. [Андрей Белянин. Свирепый ландграф (1999)] [омонимия не снята]
main	уж		её	хватать	P	O	past							Свадьба была многолюдной, хоть и бедной, но журналистской братии лишь бы водки побольше, а ужеетохватало. [Елена Белкина. От любви до ненависти (2002)] [омонимия не снята]
main	Уж		ему	сказать	P	O	past		1	1				Ужемутонельзя было сказать: «аще не будете, как дети…» . [В. М. Чернов. Перед бурей. Воспоминания (1953)] [омонимия не снята]
main	Уж		им	бояться	P	S	present		1					"Сукины дети, ― думал он. ― Ужим-то, рабочим, бояться нечего". [Василий Гроссман. Жизнь и судьба, часть 3 (1960)] [омонимия снята]
main	уж		им	позавидовать	P	O	future		1					[letchikleha, nick] На северном побережье средизамного моря на данный момент базируются куча отечественных компаний: Sky Express, Red Wings, Уральские авиалинии, Оренбург, I Fly, Nord Wind, так же был замечен в гостинице экипаж «нацпера» (вот кому, кому, а уж им то не позавидуешь, из разговора с ними стало ясно, что так, как планируют их, лучше застрелиться сразу… [коллективный. Форум: Млечный путь над Анталией (2011)] [омонимия не снята]
main	уж		их	ощутить	P	O	past							Однако запахи живут и в темноте ― и ужих-тоя ощутил в полной мере. [Андрей Волос. Недвижимость (2000) // «Новый Мир», 2001] [омонимия снята]
main	уж		Глебов	знать	N	S	past	1	1					Лёвка вовсе не был таким уж принципиальным, и на судьбу Аструга ему было начхать ― ужГлебов-тознал Шулепу до донышка! ― но, видно, тот парень как-то его задел, то ли развязностью, то ли ещё чем-то. [Юрий Трифонов. Дом на набережной (1976)] [омонимия снята]
main	Уж		меня	всречать	P	O	future		1	1				Ужменятобудут встречать воплями и дрекольем. [Андрей Белянин. Свирепый ландграф (1999)] [омонимия не снята]
main	Уж		мне	вспало	P	O	past		1	1				― Ужмнетовспало на ум, не прочит ли за тебя он дочку. [П. И. Мельников-Печерский. В лесах. Книга вторая (1871-1874)] [омонимия не снята]
main	уж		нашу	отменить	P	O	future			1				Через какую-нибудь тысячу лет, Танечка, а может, через пятьсот, старый гинеколог вроде меня ― ужнашу-топрофессию никакой прогресс не отменит ― будет читать старинную русскую историю двадцатого века, и там будет две страницы про Сталина и два абзаца про Хрущева. [Людмила Улицкая. Казус Кукоцкого [Путешествие в седьмую сторону света] // «Новый Мир», 2000] [омонимия снята]
main	Уж	«	Дневники	знать	N	O	present	1						Но эта же мысль у него и в «Дневниках» есть. Уж«Дневники» -тознаете. У нас в роте тоже так: один одно читал, другой другое. [Михаил Кураев. Записки беглого кинематографиста // «Новый Мир», 2001] [омонимия не снята]
main	уж		он	-	P	S	present							На первый взгляд кажется, что ужон-то― самое социальное существо. [Кирилл Ефремов. Размышления у книжной полки: Бегство от одиночества // «Знание -- сила», 2003] [омонимия снята]
main	уж		он	-	P	S	present							Там донника белого видимо-невидимо. А ужон-тосладкий! .. Окончание в следующем номере. [Виктор Кологрив. Медовый луг // «Мурзилка», 2002] [омонимия снята]
main	Уж		он	вынужденный	P	S	inf		1					Ужон-то, вынужденный считать каждый шиллинг, чего ради он тратился, готовился, что ему были мы? [Д. А. Гранин. Месяц вверх ногами (1966)] [омонимия снята]
main	уж	,	он	придумает	P	S	future		1	1				Короче говоря, Миша был одним из тех людей, о которых говорят: "Ну уж,он-точто-нибудь придумает". [Василий Аксенов. Пора, мой друг, пора (1963)] [омонимия снята]
main	уж		он	развлекается	P	S	present		1					Тоски по Марвичу давно уже нет, убеждала она себя, всё это дело прошлое и ненужное, и она ему не нужна, ужон-тонебось развлекается, как хочет… [Василий Аксенов. Пора, мой друг, пора (1963)] [омонимия снята]
main	Уж		он	был	P	S	past		1					Твой Абарчук? Ужон-то, кажется, был двухсотпроцентный. Людмила Николаевна задумалась, сказала: [Василий Гроссман. Жизнь и судьба, часть 3 (1960)] [омонимия снята]
main	Уж		он	строить из себя	P	S	inf		1					Ужонтоне будет строить из себя героя молодогвардейца ― мигом всех продаст! [Андрей Белянин. Свирепый ландграф (1999)] [омонимия не снята]
main	уж		она	уметь	P	S	past		1					Мать, наверное, что-то знала, но ужона-тоумела хранить тайны ― и свои, и чужие… [Вера Белоусова. Второй выстрел (2000)] [омонимия снята]
main	уж		она	навидаться	P	S	past		1					"Самый красивый мужчина, которого мне приходилось видеть", ― сказала про него одна знакомая (а ужона-томужчин навидалась!) [И. Грекова. Перелом (1987)] [омонимия снята]
main	уж		она	не пьет	P	S	inf		1	1				Был убежден, что ужонатовообще не пьет! [Андрей Белянин. Свирепый ландграф (1999)] [омонимия не снята]
main	уж		она	-	P	S	present		1					Если бы уродина какая… с Лионой, правда, мы в друзьях, а ужонатоявно не Софи Лорен, даже отраженная в кривом зеркале. [Андрей Белянин. Свирепый ландграф (1999)] [омонимия не снята]
main	Уж		они	оценить	P	S	future		1	1				[Чучундрик, nick] Ужонитооценят всю прелесть этих мультфильмов. [коллективный. Форум: Унесенные призраками, Spirited Away (2005-2010)] [омонимия не снята]
main	уж		отсюда	-	-	-	-							И не вставай зря… ― Да ужотсюда-то… как поди? ― Они с руки часы снимают, не то что… оттуда. [Василий Шукшин. Печки-лавочки (1970-1972)] [омонимия снята]
main	уж		так	быть благодарным	P	A	present							― А, матушка, как же я вам благодарна; сами знаете, мышьяк дорого стоит, да ещё и не скоро достанешь его… ужтак-тоя вам благодарна, так благодарна… [Д. В. Григорович. Бобыль (1847)] [омонимия снята]
main	Уж		тот	работать	P	S	present		1	1				[Сергей Викторович, nick] Ужтоттоперсонаж точно давненько там работает. [Новая тема, которую никто пока не трогает (форум) (2008)] [омонимия не снята]
main	уж		тут	вывозить	P	S	present			1				Побольше красот природы ― ужтуттоона, матушка, вывозит! [Т. В. Солоневич. Записки советской переводчицы (1937)] [омонимия не снята]
main	Уж		тут	-	P	O	-							― с торжеством орал он. ― Ужтут―то― правда! Это же здесь, в Казахстане! [Александр Чудаков. Ложится мгла на старые ступени (1987-2000) // «Знамя», 2000] [омонимия не снята]
main	уж		это	понимать	P	O	present		1	1				Ей любовь нужна, а любви шантажом не добьёшься ― ужэто-тоона наверняка понимает. [Вера Белоусова. Второй выстрел (2000)] [омонимия снята]
main	Уж		этот	отмаливаться	P	S	present							― А потом поняла ― нет, не могу… Ужэтот-тогрех не отмаливается. И за неё кто-то должен молиться… [Вера Белоусова. Второй выстрел (2000)] [омонимия снята]
main	уж		этот	сомневаться	P	S	past		1					А Крымов ― жёсткий, идейный коммунист, фанатик, ужэтот-тоне сомневался, а вот арестован. [Василий Гроссман. Жизнь и судьба, часть 3 (1960)] [омонимия снята]
main	уж		я	быть виноватым	P	S	past		1					― Я не знаю… ― забормотала она. ― Ведь никто не был виноват, ужя-тоне виновата, это доказано, и те трое, которых ты знаешь, тоже… [Василий Аксенов. Пора, мой друг, пора (1963)] [омонимия снята]
main	уж		я	сметь коснуться	P	S	present		1	1				― Уж кто-кто, ― ответила она, хохоча, ― а ужя-тосмею коснуться! ― и второй раз раздался сухой треск зонтика, отскочившего от головы Аркадия Аполлоновича. [М. А. Булгаков. Мастер и Маргарита, часть 1 (1929-1940)] [омонимия снята]
main	Уж		им	быть известоно	P	O	past	1	1					Ужимтовсе было известно про нас, ― даже то, чего никогда не было… [Светлана Аллилуева. Двадцать писем другу (1963)] [омонимия не снята]
main	Уж		я	обнимать	P	S	past		1	1				Ужятоее обнимал и целовал, и прижимался к ней! [В. Н. Гельфанд. Дневники 1944-1946 гг. (1944-1946)] [омонимия не снята]
main	Уж		им	быть известным	P	S	past	1	1					Ужимтовсе было известно про нас, ― даже то, чего никогда не было… [Светлана Аллилуева. Двадцать писем другу (1963)] [омонимия не снята]
main	уж		я	стараться	P	S	past		1					― сказал Мишка Смирнов, ― ни одна немецкая баба не ревела, когда я уезжал. А ужятостарался! Чем ты ее приворожил? [Н. Н. Никулин. Воспоминания о войне (1975)] [омонимия не снята]
main	уж		он	знать	P	S	past	1	1					Он видел пружинистую прядь, всегда выбивавшуюся из пучка и петлёй висящую ото лба к уху, видел скулу и кончик носа, сгорал стыдом и желанием и отдал бы в этот миг без колебаний лучшее, чем владел, ― свой безымянный дар, ― чтобы вернуть счастливую простоту и лёгкость, с которой ещё недавно он мог положить указательный палец в ямку под мягким пучком волос и провести от шеи вниз , по узкому позвоночнику, уложенному в ровном желобке вдоль спины, до чуть выпуклого крестца, ― Os sacrum, сакральная кость… почему, кстати, сакральная именно эта? ― и ниже, раздвинув плотно сжатые Musculus glutaeus maximus, миновав нежно-складчатый бутон Anus, проскользнуть в тайную складку Perineum, развести закрытые Labium majus, робкие Vestibulum vaginae, коснуться атласной влажной слизистой ― ужон-тознал всю эту анатомию, морфологию, гистологию, ― приласкать пальцем продолговатое зёрнышко Corpus clitoridis ― пропуск, пробел, сердцебиение… дальше, дальше, ― пройти по редколесью волос, под которым изгиб Mons pubis, перешагнуть через косметический, двойного шитья шов― не знал, что для себя старался, ― подняться к маленькому, с мелкой воронкой пупку, пройти между разбежавшихся в разные стороны, заострённых к соску грудей и остановиться у подключичной ямки так, чтобы под ладонью расходились фигурные скобочки ключиц… [Людмила Улицкая. Казус Кукоцкого [Путешествие в седьмую сторону света] // «Новый Мир», 2000] [омонимия снята]
main	уж		он	знать	P	S	past	1	1					Другой бы принял этот инструмент за ритуальный, масонский или за такой, как у путевых обходчиков, но ужон-то, Башуцкий, знал эти железные молотки на длинной деревянной ручке… [Юрий Давыдов. Синие тюльпаны (1988-1989)] [омонимия снята]
main	Уж		она	знать 	P	S	past	1	1					Ужона-тоточно знала, что с отцом что-то не так! [Вера Белоусова. Второй выстрел (2000)] [омонимия снята]
main	Уж		она	знать	P	S	past	1	1					Ужона-тознала, что такое шикарный ресторан, её отец именно был директором шикарного), поговорили ещё о костре… но цены на хлеб и масло были более животрепещущим предметом беседы. [Эдуард Лимонов. У нас была Великая Эпоха (1987)] [омонимия снята]
main	уж		она	знать	P	S	present	1	1					Весь ее вид говорил о том, что ужонатознает, чем все это кончится. [Андрей Белянин. Свирепый ландграф (1999)] [омонимия не снята]
main	Уж		я	знать	P	S	present	1	1					В классе было 39 учеников, мы беседовали как минимум с 39 родителями (не все семьи были полными), ― и, проводя ежедневно с детьми по 8-9 часов в тесном общении, мы убедились в полной несостоятельности гордых заявлений некоторых родителей: "Ужя-тосвоего сына (дочь) знаю! [М. Э. Боцманова, Р. Д. Триггер. Изучение психологии подростка в лаборатории Д.Б. Эльконина // «Вопросы психологии», 2004] [омонимия снята]
main	уж		я	знать	P	S	present	1	1					Во-первых, Альфред никогда в жизни ничего для него не писал. Поверь мне, ужя-тознаю. Как ты не понимаешь, Спиваков ― это не музыкант Шнитке, не герой его романа. [Сати Спивакова. Не всё (2002)] [омонимия снята]
main	уж		я	знать	P	S	present	1	1					Ну ужя-тознаю, что чепуха. [Юрий Трифонов. Предварительные итоги (1970)] [омонимия снята]
main	уж		я	знать	P	S	past	1	1					После всего-всего, что я пережил, ужя-тоточно знал, что если руки человека это чудо, то уж го-ло-ва это самое расчудесное чудо из всех расчудесных чудес. [Валерий Медведев. Баранкин, будь человеком! (1957)] [омонимия снята]
other	Уж	«	Аланию	знать	N	o	present	1						Уж«Аланию» -тоОсинов знает, как облупленную,―столько матчей провел за «желто-синих» против владикавказцев! [Максим КАДАЕВ. После первого тайма матча 'Ростов' - 'Алания' один из братьев Пономаренко хотел уйти со стадиона // Комсомольская правда, 2011.05.12] [омонимия не снята]
other	Уж		вы	понимать	P	s	present	1						СКОРПИОН Ужвытопонимаете и знаете, что настоящие чувства за деньги не купишь и что "насильно мил не будешь". [Бастрич Александра. ДЕРЖИТЕ СТРАСТИ В УЗДЕ // Труд-7, 2006.11.30] [омонимия не снята]
other	Уж		всё	иметь	P	o	past							Земля, над коей бег свой солнце обращает, И море, что вокруг всю землю обымает, Вселенныя всея пространство и предел, УжвсётоРим в своем владычии имел И не был насыщен: повсюда кораблями Покрылися моря, борющися с волнами, И если златом был какой народ богат, Не мог безбеден быть и был уж сопостат. [М. Н. Муравьев. Петрония Арбитра гражданская брань (1773)] [омонимия не снята]
other	уж		вы	-	P	s	-		1					Потом приходили всякие другие настойчивые, которые уже даже не стесняются говорить, что, мол, ну позарез ваша площадь нужна Russia Today, которая даже пресс-центр МИДа выжила из правого крыла здания, а ужвыто… [Люди Шойгу хотят разогнать Союз журналистов России // Новый регион 2, 2008.02.19] [омонимия не снята]
other	уж		её	терять	P	o	inf		1	1				Дак тожо, старуха пришла, тожо, ужеё-тотерять нечего, пришла, бегала вокруг омёта с иконой кругом бегала. [Календарь и праздники (Архангельская область, 1996)] [омонимия снята]
other	Уж		им	привыкать	P	o	inf		1					Ужимтоне привыкать разделываться с таким соперником как "Сибирь". [Екатерина ОЛЬХОВСКАЯ. Московский 'Спартак' оставил 'Сибирь' в подвешенном состоянии // Комсомольская правда, 2010.10.23] [омонимия не снята]
other	Уж		их	резделять	P	o	present			1				А иногда в бессоннице по строчке, Ужихтоне разделишь на двоих, И не в тетрадке,―просто на клочочке, - Слогалися родные и свои. [klubstihi. То строгие, то грустные, то нежные. http://stihi.ru/2006/12/11-601 (2006)] [омонимия не снята]
other	уж		мне	поверить	P	o	present		1					И счастлива птица! ужмнетоповерь! В темницу теперь не стремиться! [sadmoon. Свободная птица всё грустно глядела http://stihi.ru/2005/11/09-729 (2005)] [омонимия не снята]
other	Уж		мою бумажку	отдавать	P	o	present			1				[Воронов, Алексей Грибов, муж, 48, 1902] Ничего такого особенного. Ужмоюбумажку-тотдайте / пожалуйста. [Директор завода, С. Бобров, муж, 49, 1901] Какую бумажку? [Константин Юдин и др. Смелые люди, к/ф (1950)] [омонимия не снята]
other	уж		мы	становиться	P	s	past		1					и вот и ужмы-тостали вот и побольше и уже купаться действительно. [Летние праздники (село Кужное, Мордовский район, Тамбовская область, 2002)] [омонимия снята]
other	уж		мы	жить	P	s	present		1					А коровы у нас уж выгонены, тут вот Мошу, где ужмы-тоживём-то, туды уж выгонены коровы-те. [Случай из жизни (Архангельская область, 2001)] [омонимия снята]
other	уж		он	разбираться	P	s	present		1					А ужонтов финансах разбирается хорошо. [Викторов Виктор. ДВА СТАБФОНДА. ДВА ВЕСЕЛЫХ ДРУГА? // Труд-7, 2007.04.05] [омонимия не снята]
other	уж		она	мочь	P	s	past		1					Тем более, что у его матери-то никаких следов убийства не обнаружено, а ужонатовполне могла остановить сына. [У следователей по делу Южаковых закончились версии // Комсомольская правда, 2008.07.16] [омонимия не снята]
other	уж		потом	казнить	P	-	past			1				И вот они, видно, попутали, и она, видно, ушла, но потом всё равно её догнали, нигде найти не могут, дак догнали ужпотом-товсё равно, и казнил вот это тожо, отец и казнил. [Религия. Молитва (Архангельская область, 2007)] [омонимия снята]
other	уж		так	-	P	-	-							А ведь тогда так сомневался, и даже корил себя - мол, зачем ужтак―то. [dasha89. И в будущем все http://stihi.ru/2012/03/14/9262 (2012)] [омонимия не снята]
other	Уж		там	продать	P	-	future		1	1				Или как там… Простой и молодой невинный парень, Ужтамтоты продашь душу чертям. [yazicnik. Я часто думал: где осталось моё сердце? http://stihi.ru/2009/02/16/4992 (2009)] [омонимия не снята]
other	уж		этого	отступать	P	O	present			1				Мы с одной-то стороны мы ведь и неграмотные, ничё больше-то и не знаём, но ужэтого-тоначала я не отступаю, конечно. [Религия. Молитва (Архангельская область, 2007)] [омонимия снята]
other	Уж		я	скучать	P	s	past		1					- После битвы со шведами этот матч был немного скучноват… ―Ужятоточно не скучал. [Дмитрий Пономаренко. Константин Барулин: Давно мне так сыграть хотелось! // Советский спорт, 2012.05.13] [омонимия не снята]
other	уж	«	Барса	упускать	N	s	future							И здесь уже искушенный читатель начал засыпать: уж«Барса» -тосвоего не упустит, а в концовке у «Реала», знамо дело, кого-то обязательно удалят. [Евгений Шуваев. Сказка со счастливым концом. "Барселона" завоевала Суперкубок Испании [ВИДЕО] // Советский спорт, 2011.08.18] [омонимия не снята]
other	уж		Ваня	-	N	s	-		1					Мои дети ненаказанными выросли. А ужВанятотем более! Не дай бог кому-нибудь его тронуть. [Брагина Лика. Татьяна Васильева: «У нас нет в семье патриарха, только матриарх» // Труд-7, 2009.10.22] [омонимия не снята]
other	уж		воду	глотать	N	O	present			1				и уж мы это…/ а-а-а…/ глотаем ужводу-то/ ну я маненько это… как пошустрее была/ я вообще шустрая была/ пошустрее/ сразу как это… раз! / и её руку… как ей дала/ сразу схватала// [Случай на реке (Земляные Хутора, Аткарский район, Саратовская область, 2004)] [омонимия снята]
other	уж		время	быть	N	-	past							ну и просила / что мол / больно ужвремя-ттяжёлое было / война / и… никак / мы с мамой-то плохо / у нас никакого запасу нету / ничего мы / только на картошке / на тык… на тыквы / на свёкле только жили / на этим вота / хлебного ничего не было // [Рассказ Кутюмовой об огороде (Саратовская область, Саратов, 1996)] [омонимия снята]
other	уж	…	жись	состоять	N	S	past							А вот это… это тожо я другой раз и подумаю, да, дак ведь уж жись-тосостояла ведь не только сичцас, конечно. [Религия. Загробная жизнь (Архангельская область, 2007)] [омонимия снята]
other	уж		колокола	быть	N	S	past							все / народу полно / оцепили её кругом и говорят / пусть горит лучше // было - то пять колоколов // больно ужколокола-тобыли хорошие / одно было большое / вот у нас звонят / а в другом селе слышно // а другое поменьше / а третье ещё меньше / четвёртое меньше / а пятое тоже небольшое уже // звонили очень хорошо / вот на Паску когда особенно // некоторые ребята умели звонить - то // а мы пляшем на этом / на мосту! [Как церковь сгорела (с. Белогорное, Вольский район, Саратовская область, 1996)] [омонимия снята]
other	уж		Ксешку	брать	N	O	future		1	1				ну приехали и… ну мол… моя-т мама-т и говорит / "ну что ж это / дорогая свекровушка / маменькя" / маменькя её звали / мы ужКсешку-товозьмём // [Рассказ Кутюмовой об огороде (Саратовская область, Саратов, 1996)] [омонимия снята]
other	уж		огонь	гореть	N	S	past							Андрей-то… а ужогонь-тогорел всё уж// [Смерть свекрови (Верховье, Вытегорский район, Вологодская область, 1976)] [омонимия снята]
other	уж		плотвы	-	N	S	-							Чего доброго а ужплотвы-тововсе полно тута. [О жизни (Деулино, Рязанский район, Рязанская область, 1961)] [омонимия снята]
other	уж		потом	придумать	P	-	past							А ужпотом—тоназвание, которое ему придумал производитель, или торговую марку или товарный знак. [Елена АРАКЕЛЯН. Прощай, пломбирчик! // Комсомольская правда, 2011.08.03] [омонимия не снята]
other	уж		походочка	быть	N	S	past							Я уж ходить-то любила, о, у меня ужпоходочка-тобыла / только на выходку. [Человек (Архангельская область, 1996)] [омонимия снята]
other	уж		похорона	прийти	N	s	past			1				замирилась война-та да ужпохорона-тапришла от мужика-т дак / чё уж боле // [Рассказ о жизни (Архангельская область, )] [омонимия снята]
other	уж	«	средние	-	N	s	-			-				- Татьяна Михайловна, существует точка зрения, что сегодня наше общество―это общество конформистов, которое готово принять любую власть. А уж«средние» -тов особенности… Хорошо ли это? [Инна РУДЕНКО. Татьяна Малева, экономист, член научного совета Московского центра Карнеги: Хватит делать из среднего класса дойную корову! // Комсомольская правда, 2001.02.20] [омонимия не снята]
other	уж		удовльствие	получать	N	o	past							Вчера я наконец то осмелел, И ноги взял твои я в плен, Не знаю, было ли тебе приятно, А я ужудовольствиетополучил. [kurgaev1. Вчера я наконец то осмелел http://stihi.ru/2011/09/25/7114 (2011)] [омонимия не снята]
other	Уж		они	знать	P	s	present	1						В День святого Валентина любовники больше всего рискуют «проколоться», утверждают западные детективные агентства. Ужонитознают, что говорят! В этот романтический праздник они работают в авральном режиме. [Юлия ЖУКОВСКАЯ. У частных детективов в День святого Валентина - аврал // Комсомольская правда, 2006.02.14] [омонимия не снята]
other	Уж	«	Спартак	(быть) известен	N	s	present	1						Уж«Спартак» -тоизвестен ребятами с юмором – футболки перед тренировкой никто не рвал? [Александр Боярский. Владимир Бесчастных: "Тяжело смеяться над шутками, не зная языка // Советский спорт, 2011.04.01] [омонимия не снята]
other	уж		ты	знать	P	S	present	1						Теперь ужтытознаешь, Что ты не навсегда, Но зря себя терзаешь Что можно, что нельзя. [georgenolman. Ты думаешь, что можешь http://stihi.ru/2007/05/29-1727 (2007)] [омонимия не снята]
other	уж		я	знать	P	s	present	1						Поверь мне, девочка, ужятознаю Как больно это сердцу пережить Но я сейчас спокойно наблюдаю В душе моей огонь успел остыть… Прохладно стало вдруг… пойду Не мне влюбленные глаза судить Я пережила опять свою беду За пять минут полпачки? [paula0886bkru. Я постою незаметно в сторонке http://stihi.ru/2009/09/08/3102 (2009)] [омонимия не снята]
other	Уж		я	знать	P	s	present	1						Слова, что срываются с губ Твоих, они не правдивы Ужятознаю поверь.. [koln1963. Сегодня закралась тоска http://stihi.ru/2009/04/23/1734 (2009)] [омонимия не снята]
other	уж		я	знать	P	s	present	1						Ты меня прости и я тебя прощаю, А знаеш ты лучше не найдёшь, Поверь ужятознаю! [vikusjonif. Почему мы расстались ты так и не поймёшь http://stihi.ru/2006/06/21-1472 (2006)] [омонимия не снята]
other	уж		я	знать	P	s	present	1						Я не отвечу, все на свете Лишь для тебя, ужятознаю. [dark_wolf. Ты улетела, я не ответил http://stihi.ru/2008/05/05/4525 (2008)] [омонимия не снята]
other	Уж		я	знать	P	s	present	1						И передрягам всем на зло, Любовь жива! Ужятознаю. [pupkinsasha. Иногда бывает, что ночь подарИт http://stihi.ru/2008/12/09/1739 (2008)] [омонимия не снята]
other	уж		я	знать	P	s	present	1						Надев бессмысленные банты Себя за даром предлагаю Да видно не в цене таланты Не в этом суть, ужятознаю. [maljavka. Глядите, люди, что творится http://stihi.ru/2003/05/06-135 (2003)] [омонимия не снята]
other	уж		я	знать	P	s	present	1						Поверьте мне – ужятоэто точно знаю. [Беседу вели Софья БОБОРЕНКО, Ольга ЧУПОВА, Игорь ТЕТЕРИН, «КП» - Северная Европа». «Дима не чувствует себя небожителем, зато помнит и дорожит старыми друзьями» // Комсомольская правда, 2008.06.27] [омонимия не снята]
ru1010	... уж вам то	не знать! Жалкое и убогое зрелище	вам	знать	p	S	inf	1						
ru1010	– уж Вам то	не знать))). Я нигде вроде не писал, что	Вам	знать	p	S	inf	1						
ru1010	А уж все то	карантины они знать наверно не могут да	все	знать	p	-	present	1						
ru1010	(уж вы то	знаете его идеалы) да, пошлите его идеалы	вы	знать	p	s	present	1						
ru1010	– уж вы то	знаете наверняка какие у вас настройки	вы	знать	p	s	present	1						
ru1010	А уж Вы то	знаете что к чему, подкованы. Только отчего	Вы	знать	p	s	present	1						
ru1010	— уж Вы то	знаете. Своих детей в мышеловку повезёте	вы	знать	p	s	present	1						
ru1010	что уж вы то	точно знаете, каким этому стоит быть	вы	знать	p	s	present	1						
ru1010	, уж Вы то	это знаете не понаслышке. Максимум можно	Вы	знать	p	s	present	1	1					
ru1010	, уж Вы то	это знаете Он очень рискует. По сути -	Вы	знать	p	s	present	1	1					
ru1010	поскольку уж девушки то	знают, что самая сексуальная часть мужчины	девушки	знать	n	S	present	1						
ru1010	и уж его то	, трудно упрекнуть в незнании процесса детопроизводства	его	упрекнуть	p	O	inf	1						
ru1010	то уж ее то	ИНН вы точно знаете, закажите полную выписку	ее	знать	p	-	present	1						
ru1010	- уж ей то	эта роль была знакома не по наслышке. Ну	ей	быть знакомым	p	o	past	1	1					
ru1010	А уж их то	в Питере наверняка знают, равно как и других	их	знать	p	O	present	1						
ru1010	, уж камни то	я знаю. Настоящий рубин, причем весьма	камни	знать	n	O	present	1						
ru1010	, уж Кендрик то	не понаслышке знает, как играть против	Кендрик	знать	n	S	present	1						
ru1010	но уж Лилит то	должна знать, что действия девушки весьма	Лилит	должен знать	n	S	inf	1						
ru1010	.... уж мне то	это известно (один из родителей руководитель	мне	быть известным	p	O	present	1						
ru1010	, уж он то	не обидит ! Ситуация на рынке такова, что	он	обижать	p	s	future		1					
ru1010	Да уж мне то	не знать этого, – ответил я ему, – вместе	мне	знать	p	S	inf	1						
ru1010	А уж мы то	со своей пензии поможем, вы ужо и не сумлевайтеся	мы	помогать	p	s	future		1					
ru1010	что уж вам то	удастся ...не удастся , если для вас сейчас	вам	удаваться	p	S	inf		1					
ru1010	а уж я то	как! :laugh: Простите, опять я размечталась	я	-	p	s	-		1					
ru1010	что уж она то	умеет присулживаться к клиентам. Я ва принципе	она	уметь	p	s	present		1					
ru1010	как уж мы то	точно не будем пользоваться химическими	мы	пользоваться	p	s	present		1	1				
ru1010	, уж мы то	умеем читать между строк и т. д. Как пример	мы	уметь	p	s	present		1					
ru1010	Так уж мы то	все знаем, что “правила устанавливают американцы	мы	знать	p	s	present	1						
ru1010	, уж мы то	знаем ;) Сигнализации с автозапуском	мы	знать	p	s	present	1						
ru1010	- уж мы то	знаем как там все было! Уж мы то знаем	мы	знать	p	s	present	1						
ru1010	которую уж мы то	знаем кто устраивает и спонсирует, и что	мы	знать	p	s	present	1						
ru1010	святилища уж они то	будут. вывод:если руки золотые то дарками	они	быть	p	s	future							
ru1010	.... уж мы то	знаем что остров необитаем. ; ) А по поводу	мы	знать	p	s	present	1						
ru1010	а уж мы то	знаем, как грамотно подкатить. Выйдя	мы	знать	p	s	present	1						
ru1010	, уж мы то	знаем, мой сын там уже 5 месяцев.	мы	знать	p	s	present	1						
ru1010	(уж мы то	знаем, что есть разные способы секса),	мы	знать	p	s	present	1						
ru1010	“уж мы то	знаем, что такое настоящее качество, что	мы	знать	p	s	present	1						
ru1010	И уж он то	будет цепляться за всех и вся, да и инвесторы-кредиторы	он	цепляться	p	s	future		1					
ru1010	- уж я то	слежу за этим не первый год :) есть сдвиги	я	следить	p	s	present		1					
ru1010	А уж мне то	сегодня давно бы дали квартиру от того	мне	дать	p	O	past		1	1				
ru1010	А уж мы то	их знаем! Один математик Григорий Перельман	мы	знать	p	s	present	1						
ru1010	но уж мы то	с вами знаем цену их анонсов). Итак, один	мы	знать	p	s	present	1						
ru1010	(уж объем то	научились увеличивать, прикладывая самые	объем	научиться	n	O	past							
ru1010	А уж мы то	с вами хорошо знаем, что нет ничего более	мы	знать	p	s	present	1						
ru1010	, уж мы то	уж точно знаем как выполнить правильно	мы	знать	p	s	present	1	1					
ru1010	Ну уж мы то	феи знаем где и когда цветут редкие цветы	мы	знать	p	s	present	1	1					
ru1010	, уж мы то	это знаем наверняка/ учеников) закончиться	мы	знать	p	s	present	1	1					
ru1010	... уж мы то	это знаем точно! Из века в век, работа	мы	знать	p	s	present	1	1					
ru1010	– уж мы то	это знаем!! В итоге на ближайшие дни прогноз	мы	знать	p	s	present	1	1					
ru1010	, уж вы то	глазами казаков точно смотреть не будете	вы	смотреть	p	s	future		1					
ru1010	, уж их то	никто ещё не переплюнул Фильм должен	их	переплюнуть	p	O	past			1				
ru1010	Ну уж этот то	фильм в представлении не нуждается! МЕГА	этот	нуждаться	p	S	inf							
ru1010	- уж они то	привыкли выкладывать круглые суммы за софт	они	првынуть	p	s	past		1					
ru1010	а уж бетон то	я и сам залью.... залить то действительно	бетон	залить	n	O	future			1				
ru1010	Все-таки уж храм то	точно должен будить светлые чувства, а	храм	будить	n	S	inf							
ru1010	, уж они то	в международном праве всякого понаписали	они	понаписать	p	s	past		1					
ru1010	, уж вам то	по статусу положено. Пы.Сы. Девочки	вам	положено	p	S	inf		1					
ru1010	что уж они то	видели историю, от и до… Все в этом городе	они	видеть	p	s	past		1					
ru1010	- уж они то	точно и явно мучаются и нам сколько хлопот	они	мучаться	p	s	present							
ru1010	что уж они то	все делали совершенно правильно в своей	они	делать	p	s	past		1	1				
ru1010	что уж он то	запросто выйдет из всего того, во что умудрился	он	выйти	p	s	future		1	1				
ru1010	а уж приора то	как улучшилась- одни задние фонари чего	приора	улучшиться	n	S	past							
ru1010	И уж деньги то	они скромно берут.Лично мне нарвится. Наташа	деньги	брать	n	O	present			1				
ru1010	- уж он то	наверняка оставлял на земле канавку, волочась	он	оставлять	p	s	past			1				
ru1010	и уж его то	мы не пропустим. Ведь наша Агнесс еще не	его	пропустить	p	O	future			1				
ru1010	и уж им то	я принадлежу безраздельно. Но все таки	им	принадлежать	p	O	present							
ru1010	Вот уж ужас то	, видимо, предстоит. А я надеюсь, что постарше	ужас	предстоять	n	S	present							
ru1010	Джексон-суперпроффесионалы уж они то	могли сыграть лучше.А такое чувство что	они	мочь	p	s	past							
ru1010	а уж он то	, поверьте, знает, что с данной свечой делать	он	знать	p	s	present	1						
ru1010	Ибо уж он то	, точно знает, что офисные перегородки и	он	знать	p	s	present	1						
ru1010	а уж он то	, точно знал, что такой формулы не существует	он	знать	p	s	past	1						
ru1010	был уж он то	в шышках толк знает, послали бы его в Голландию	он	знать	p	s	present	1						
ru1010	А уж он то	внутренности Виндовс знает. Вообще	он	знать	p	s	present	1						
ru1010	, уж Он то	все это знал от начала времен. Я просто	Он	знать	p	s	past	1						
ru1010	,уж он то	всегда знал что делать с мячем после "своего	он	знать	p	s	past	1						
ru1010	, уж он то	знает как обращаться с ними. Такой домик	он	знать	p	s	present	1						
ru1010	а уж он то	знает как правильно им распорядится. Гоор	он	знать	p	s	present	1						
ru1010	, уж он то	знает толк в красивых актрисах..	он	знать	p	s	present	1						
ru1010	и уж он то	знает толк в цифрах. К вышеизложенному	он	знать	p	s	present	1						
ru1010	- уж он то	в курсе того дела. С этим - к нему.	он	быть в курсе	p	s	present	1						
ru1010	а уж он то	знает чем все обернется и такого рода залог	он	знать	p	s	present	1						
ru1010	что уж он то	знает, где такая Латвия расположена. Точно	он	знать	p	s	present	1						
ru1010	, уж он то	знает, рушатся пирамиды сами, или их рушат	он	знать	p	s	present	1						
ru1010	, уж он то	знает, что где и как. И Сурков его шеф	он	знать	p	s	present	1						
ru1010	- уж он то	знает... Выглядел телевизор совершенно	он	знать	p	s	present	1						
ru1010	вот уж поручни то	там есть или заборчик какой-нибудь ажурный	поручни	быть	n	S	present							
ru1010	а уж он то	знал толк в еде и напитках. Впервые мохито	он	знать	p	s	past	1						
ru1010	, уж он то	знал цену свободы и рабства. Нет у свободы	он	знать	p	s	past	1						
ru1010	Ну уж я то	выживу и близких уберегу, забьюсь в дыру	я	выжить	p	s	future		1					
ru1010	и уж он то	знал, что проповедывать может только Брамин	он	знать	p	s	past	1						
ru1010	и уж своих то	им придется кормить или выпускать наверх	своих	приходится	p	O	inf							
ru1010	ты уж всех то	не греби под одну гребенку. И типа я вроде	всех	грести	p	O	future			1				
ru1010	- уж его то	Хель бы обнаружила! Теряясь в догадках	его	обнаружить	p	O	past			1				
ru1010	- уж его то	они истребят быстро и без колебаний. Ему	его	истреблять	p	O	future			1				
ru1010	(уж Англия то	в жизни не упустила случая отхватить себе	Англия	упустить	n	S	past							
ru1010	, уж она то	думаю знает лучше нас всех свою дочь и	она	думать	p	s	present		1					
ru1010	Но уж она то	точно найдет этому фрукту лучшее применение	она	найти	p	s	future			1				
ru1010	– уж мы то	по любому его наработаемся... Опять ремонт	мы	наработаться	p	s	future		1					
ru1010	Раз уж пятница то	пятничный вопрос: если ребенок в 4 месяца	пятница	-	n	S	-							
ru1010	- уж меня то	, тёмного человека, научили, а вам то грех	меня	научить	p	O	past		1					
ru1010	, уж он то	по своему опыту знает каким должен быть	он	знать	p	s	present	1						
ru1010	поскольку уж он то	точно знает всю подоплеку нынешней власти	он	знать	p	s	present	1						
ru1010	а уж дети то	просто пищат от восторга. В самом зоопарке	дети	пищать	n	S	present		1					
ru1010	(уж он то	хорошо знал все свойства человеческого	он	знать	p	s	past	1	1					
ru1010	а уж он то	хорошо знал настоящую историю, достоверную	он	знать	p	s	past	1	1					
ru1010	, уж он то	это знал доподлинно, а так налетался вволю	он	знать	p	s	past	1	1					
ru1010	им уж они то	тебя не продадут. Верь в светлое	они	продать	p	s	future		1					
ru1010	- уж вы то	опишите в таком случае ацкую схему этого	вы	описывать	p	s	future		1	1				
ru1010	, уж ей то	всегда мяса хватало, а потом шла на водопой	ей	хватать	p	O	inf							
ru1010	- уж он то	всегда сможет отложить, припрятать дефицитный	он	смочь	p	s	future		1					
ru1010	что уж они то	плохого не посоветуют мой отпуск	они	посоветовать	p	s	future		1					
ru1010	– уж их то	она не подвергала сомнению, а именно она	их	подвергать	p	O	past							
ru1010	а уж ведьмам то	как надо Все только ведутся по линии	ведьмам	-	n	O	-		1					
ru1010	- уж он то	бы поболе и поинтереснее написал.	он	написать	p	s	past		1	1				
ru1010	, уж она то	знает - опыт не пропьешь!!! )))))	она	знать	p	s	present	1						
ru1010	, уж она то	знает много об этих выдающихся людях. Можно	она	знать	p	s	present	1						
ru1010	то уж она то	знает мужа как облупленного. Если она и	она	знать	p	s	present	1						
ru1010	, уж она то	знает толк в пирожках и борщик у нее наваристый	она	знать	p	s	present	1						
ru1010	А уж она то	знала толк в красоте. Клеопатра сделала	она	знать	p	s	past	1						
ru1010	, уж она то	знала что такое голод. Но на сколько она	она	знать	p	s	past	1						
ru1010	, уж она то	знала, что Летта постоянно занятая, такая	она	знать	p	s	past	1						
ru1010	а уж персоналки то	и по пальцам наверное пересчитать можно	персоналки	пересчитать	n	O	inf			1				
ru1010	Ну уж нам то	это точно "не грозит"... А Тойоте просто	нам	грозить	p	O	present		1					
ru1010	) уж я то	не ошибусь!!!:) Он старше меня на	я	ошибиться	p	s	future		1	1				
ru1010	, уж она то	прекрасно знает, что такое этот предмет	она	знать	p	s	present	1						
ru1010	гади уж она то	точно знает под кого подложила риттузю	она	знать	p	s	present	1						
ru1010	но уж она то	точно знала, что никому не продавала принадлежащую	она	знать	p	s	past	1	1					
ru1010	- уж хозяйка то	всегда защитит от неприятностей.	хозяйка	защитить	n	S	future		1					
ru1010	, уж я то	видел действительно несгибаемых людей в	я	видеть	p	s	past		1					
ru1010	, уж он то	точно был не вправе ее задерживать. Ну	он	быть	p	s	past		1					
ru1010	А уж они то	смыслят в казни. Он сон забыл, презрел	они	смыслить	p	s	present	1						
ru1010	– уж кружка то	точно в домен пригодиться. Но даря кружку	кружка	пригодиться	n	S	future							
ru1010	хотя уж мы то	вроде имели на это право – ведь мы одни	мы	иметь	p	s	past		1					
ru1010	Хотя уж он то	вполне мог завести себе очень дорогого	он	мочь	p	s	past		1					
ru1010	а уж он то	в скорых реально понимает лучше нас всех	он	понимать	p	s	present		1					
ru1010	а уж они то	в полной мере осведомлены о потребностях	они	быть осведомленным	p	s	present	1						
ru1010	...уж они то	действительно не виноваты..они точно играют	они	быть виноватым	p	s	present		1					
ru1010	мере уж губы то	обязательно подкрасит. Так что без стандартного	губы	подкрасить	n	S	future			1				
ru1010	? уж этот то	точно окажется в итоге козлом отпущения	этот	оказаться	p	S	future		1					
ru1010	а уж они то	знали толк в сушке, зачем изобретать велосипед	они	знать	p	s	past	1						
ru1010	– уж их то	и погладят, и обнимут, и в мохнатую щечку	их	погладить	p	O	future			1				
ru1010	– уж ей то	прыткости и динамики хватало. Поэтому забыв	ей	хватать	p	O	inf							
ru1010	А уж они то	будут кровно заинтересованы в том, чтобы	они	быть заинтересованным	p	s	future		1					
ru1010	но уж они то	должны мне помочь! Поэтому критерий номер	они	быть должным	p	s	present		1					
ru1010	, уж наркоту то	там достать не проблема haglar, ты бы лучше	наркоту	достать	n	O	inf			1				
ru1010	– уж его то	можно и «сам на сам» пить! И вот я уже	его	можно	p	O	inf							
ru1010	– уж мы то	навидались различных вариантов тюнинга	мы	навидаться	p	s	past		1					
ru1010	что уж я то	выстрелю, не так ли?.. Бросьте пистолет	я	выстрелить	p	s	future		1	1				
ru1010	и уж их то	никто никогда не сможет обмануть! Чем вопить	их	обмануть	p	O	future		1					
ru1010	что уж моя то	точно на такое не способна. и если уж и	моя	быть способным	p	S	inf		1					
ru1010	и уж они то	своим детям все дадут, а остальные как-это	они	давать	p	s	future		1	1				
ru1010	что уж его то	голос верняк важный. Вобщем-то идея эта	его	-	p	-	inf		1					
ru1010	а уж они то	знают в этом толк! И помните, что самые	они	знать	p	s	present	1						
ru1010	а уж они то	знают в этом толк. Ответы на самые распространенные	они	знать	p	s	present	1						
ru1010	а уж они то	знают в этом толк. Приводим ответы	они	знать	p	s	present	1						
ru1010	(уж они то	знают к кому именно надо подойти с таким	они	знать	p	s	present	1						
ru1010	74 уж ты то	вроде авиатор со стажем!))) RAID74	ты	-	p	s	-		1					
ru1010	, уж они то	знают толк в роскоши и архитектурных шедеврах	они	знть	p	s	present	1						
ru1010	, уж они то	знают чаяния и наказы избирателей) 2. При	они	знать	p	s	present	1						
ru1010	, уж они то	знают что после интересных приключений	они	знать	p	s	present	1						
ru1010	а уж они то	знают, в твердую сталь. Он обвиняет лечебное	они	знать	p	s	present	1						
ru1010	– уж туалеты то	у них почище чем во всей Европе - особенно	туалеты	-	n	S	-							
ru1010	а уж они то	знают, где в столице стоит жить и растить	они	знать	p	s	present	1						
ru1010	(уж они то	знают, где взять дешевый трафик) так же	они	знать	p	s	present	1						
ru1010	А уж они то	знают, где там скилеты в шкафах. Недаром	они	знать	p	s	present	1						
ru1010	и уж они то	знают, как и что надо делать. В общем,	они	знать	p	s	present	1						
ru1010	А уж они то	знают, как сделать так, чтоб такой текст	они	знать	p	s	present	1						
ru1010	что уж они то	знают, как там оно вышло измени ему так	они	знать	p	s	present	1						
ru1010	а уж они то	знают, каком обличье она вибротренажеры	они	знать	p	s	present	1						
ru1010	а уж они то	знают, пениса дрогнул. препараты для похудения	они	знать	p	s	present	1						
ru1010	, уж они то	знают, что всегда найдутся те, кто хочет	они	знать	p	s	present	1						
ru1010	Консулу- уж они то	знают, что написать. Удачи и не дрейфь!	они	знать	p	s	present	1						
ru1010	а уж они то	знают, что просто так ничего не происходит	они	знать	p	s	present	1						
ru1010	, уж они то	знают) 4. Для каждого «набора», полученного	они	знать	p	s	present	1						
ru1010	А уж они то	лучше всех знают на чем стоит голд зарабатывать	они	знать	p	s	present	1						
ru1010	а уж они то	лучше знают куда и как его использовать-так	они	знать	p	s	present	1						
ru1010	, уж они то	лучше знают(hu) Зоя А подскажите	они	знать	p	s	present	1						
ru1010	и уж они то	лучше нас знают как ее решить.Было бы достаточно	они	знать	p	s	present	1						
ru1010	и уж его то	и заплюсует бдительный модер. Вот подобные	его	заплюсовать	p	O	future			1				
ru1010	, уж они то	наверняка знают дорогу. В доках зайдите	они	знать	p	s	present	1						
ru1010	и уж они то	наверняка знают что делать!!! Прошу	они	знать	p	s	present	1						
ru1010	,уж они то	точно знают как надо жить. Эта статья	они	знать	p	s	present	1	1					
ru1010	, уж они то	это знали … Они отбрасывали тень света	они	знать	p	s	past	1	1					
ru1010	- уж его то	никто "не кинет", он же и "грамотный" и	его	кидать	p	O	future		1	1				
ru1010	все уж они то	наверное че-нибудь поумнее придумают, а	они	придумать	p	s	future		1					
ru1010	, уж они то	б этим Кличко показали и т. д. и т. п.	они	показать	p	s	past		1	1				
ru1010	и уж нашим то	читателям это не знать) – то ли еще будет	нашим	знать	p	-	inf	1	1					
ru1010	, уж я то	помню. Art-ХАБАР ( #107887 ): Тёма, не	я	помнить	p	s	present		1					
ru1010	И уж она то	, наверное, сможет развеять его страхи!	она	мочь	p	s	future		1					
ru1010	а уж она то	постаралась, чтобы все его время было заполнено	она	постараться	p	s	past							
ru1010	, уж парочка то	точно найдется. А если подумать,	парочка	найтись	n	S	inf							
ru1010	что уж снега то	пока не будет. Стартую в 9-м часу, в субботнее	снега	быть	n	O	future							
ru1010	А уж плита то	даже не знают где включается.Так что это	плита	знать	n	O	present	1						
ru1010	. </p><p> уж ты то	Верку не гноби. Ей ответ интересен больше	ты	гнобить	p	s	present		1					
ru1010	то уж редакция то	могла это сделать Это же позорище - такие	редакция	мочъ	n	S	past							
ru1010	уверенностью уж они то	находились под постоянным наблюдением.	они	находиться	p	s	past							
ru1010	- уж мы то	тебе организуем. Там местные (Слава с Валерой	мы	организовывать	p	s	future		1	1				
ru1010	а уж казуалки то	вообще как орешки щелкает. А вообще	казуалки	щелкать	n	O	present			1				
ru1010	что уж он то	не окажеться на таком самолёте..	он	оказаться	p	s	future		1					
ru1010	. уж они то	лажу не пропустят. доходило до того	они	пропускать	p	s	future		1					
ru1010	- уж он то	точно никогда не выйдет на Манежную площадь	он	выходить	p	s	future		1					
ru1010	. уж он то	(астахов) любит громкие дела, а тут резонанс	он	любить	p	s	present		1					
ru1010	что уж он то	виноват в последнюю очередь. Главный орбитр	он	быть виноватым	p	s	present		1					
ru1010	что уж Вам то	волноваться не стоит. У вас там на железке	Вам	волноваться	p	S	inf		1					
ru1010	,уж они то	точно не едут в Россию,им все рассказали	они	ехать	p	s	future		1					
ru1010	такой уж психолог то	должен знать что это первый шаг ошибки-доказывать	психолог	должен знать	n	S	inf	1						
ru1010	что уж стеной то	отгораживаться, мы же не враги, а очень	стеной	отгораживаться	n	O	inf			1				
ru1010	, уж я то	их ела и есть с чем сравнить. И стоили	я	есть	p	s	past		1					
ru1010	а уж они то	по ходу подтащат близких по духу "исполнителей	они	подтащить	p	s	future		1					
ru1010	, уж полиция то	для 100-120 болельщиков нашла бы несколько	полиция	найти	n	S	past		1	1				
ru1010	но уж родители то	их должны знать... Купер А,	родители	знать	n	S	inf	1						
ru1010	что уж они то	доставят вас прямо в Ташкент - это разводка	они	достаить	p	s	future		1					
ru1010	? уж ею то	пользуется каждый второй это точно!	ею	пользоваться	p	O	present			1				
ru1010	что уж себя то	любимую я отлично знаю. Ан нет , дудки.	себя	знать	p	O	present	1						
ru1010	а уж пользы то	в нем сколько.... Обязательно добавим	пользы	-	n	S	-							
ru1010	, уж их то	она точно сможет развести на сережки с	их	смочь	p	O	future		1					
ru1010	А уж кастомные то	точно будут. На счёт лидирует не	кастомные	быть	n	S	future							
ru1010	, уж я то	увидел хотя бы кое-какие вещи, ч/з которые	я	увидеть	p	s	past		1					
ru1010	Но уж король то	без сомнения не надевал медяшку или железку	король	надевать	n	S	past		1	1				
ru1010	то уж такими то	знаниями обладаю. И нечего меня презирать	такими	обладать	p	-	present	1						
ru1010	А уж смерч то	они не могли не заметить. - Странно	смерч	мочь	n	O	past							
ru1010	– уж те то	точно знали, как выжить вдали от цивилизации	те	знать	p	S	past	1	1					
ru1010	А уж они то	найдут за что всех ВАС перестрелять...уверен	они	найти	p	s	future		1	1				
ru1010	- уж вам то	должно быть интересно!!! А нам - как скажете	вам	должно	p	S	inf		1					
ru1010	а уж мой то	темболее. Вот теперь хочу так же на электро	мой	-	p	S	-		1					
ru1010	Хотя уж ты то	должен знать про многочисленные препятствия	ты	должен знать	p	s	inf	1						
ru1010	хотя уж ты то	должен знать про ответа не добьешься».	ты	должен знать	p	s	inf	1						
ru1010	, уж ты то	знаешь всю мою историю не по форумам, а	ты	знать	p	s	present	1						
ru1010	что уж ты то	знаешь историю самую правильную.	ты	знать	p	s	present	1						
ru1010	но уж ты то	знаешь, не правда ли? Элайа снова захихикала	ты	знать	p	s	present	1						
ru1010	, уж ты то	знаешь,-- Борланд уже полностью контролировал	ты	знать	p	s	present	1						
ru1010	а уж шуму то	было, шуму! абсолютно ординарный спектакль	шуму	быть	n	O	past							
ru1010	что уж ее то	прелести натуральные. Но наше внимание	ее	-	p	-	-		1					
ru1010	, уж ты то	это знаешь. Но когда мог, жил кротко и	ты	знать	p	s	present	1	1					
ru1010	- уж мне то	насрали-насрали в Книгу жизни, а я прямо	мне	насрать	p	O	past		1	1				
ru1010	,уж тебе то	откуда знать?Свечку держал когда ?.и ты	тебе	знать	p	O	inf	1						
ru1010	- уж их то	отличить проще других:) - у меня сестра	их	отличить	p	O	inf							
ru1010	что уж тренер то	как психолог, точно знает, что упражнения	тренер	знать	n	S	present	1						
ru1010	И уж они то	,точно её не убивали! Что то раньше вы их	они	убивать	p	s	past		1	1				
ru1010	А уж прихожане то	лицемеры. Сколько кричали, что если разрешат	прихожане	-	n	S	-		1					
ru1010	а уж оно то	и при коммунистах было. А от звона монет	оно	быть	p	s	past							
ru1010	я уж ваших то	попов брюхатых не выкладываю, что ж это	ваших	выкладывать	-	-	present			1				
ru1010	а уж она то	лучше меня. - Да брось, ты, Алка, не повезло	она	-	p	s	-		1					
ru1010	а уж он то	символы вконтакте скачать упустил не ведающими	он	упустить	p	s	past		1					
ru1010	что уж это то	суппорт хотя бы знает), но и мне кажется	это	знать	p	s	present	1						
ru1010	, уж это то	Хок знал очень хорошо — по собственному	это	знать	p	s	past	1	1					
ru1010	, уж это то	я знаю, на моих глазах многие разбогатели	это	знать	p	s	present	1						
ru1010	Ну уж это то	я точно знаю, что моя дочь не может выйти	это	знать	p	s	present	1						
ru1010	, уж тебе то	точно ничего не грозит , ты же не журналист	тебе	грозить	p	O	future		1					
ru1010	, уж оно то	вас точно не обманет. Существует	оно	обмануть	p	s	future							
ru1010	, уж они то	точно не заслуживают той жизни в которой	они	заслуживать	p	s	present		1					
ru1010	- уж мужчины то	точно ничего хорошего не заслуживают.Ч	мужчины	заслужить	n	S	present		1					
ru1010	- уж он то	найдет с охраной общий язык д)отвечать	он	найти	p	s	future		1	1				
ru1010	- уж вы то	могли бы. Я проложил дорогу. Теперь белоручки	вы	мочь	p	s	past		1					
ru1010	А уж они то	мастера провокаций. Весь мир об этом знает	они	-	p	s	-		1					
ru1010	- уж контролёры то	понимают, что если они начнут проверять	контролёры	понимать	n	S	present		1					
ru1010	- уж он то	точно не дурак, он король дураков.	он	-	p	s	-		1					
ru1010	- уж вы то	наверняка с материалами дела знакомились	вы	знакомиться	p	s	past		1	1				
ru1010	- уж мы то	понимали друг друга с полу слова.	мы	понимать	p	s	past		1					
ru1010	, уж я то	сама так делала знаю, только гадко потом	я	делать	p	s	past		1	1				
ru1010	- уж его то	должно хватить! Сейчас уже 115А есть	его	должно	p	O	inf							
ru1010	, уж я то	знаю :) Пожалуй, я знаю, что мне сейчас	я	знать	p	s	present	1						
ru1010	, уж я то	знаю (мне давали на неделю погонять). От	я	знать	p	s	present	1						
ru1010	- уж я то	знаю ))) Автор: Заголовок сообщения	я	знать	p	s	present	1						
ru1010	и уж я то	знаю всех кто тут играл, и уж твоего мнения	я	знать	p	s	present	1						
ru1010	! уж я то	знаю заебал газ а снимать жалко ! дешевле	я	знать	p	s	present	1						
ru1010	- уж я то	знаю как сделать PR из ничего - организаторы	я	знать	p	s	present	1						
ru1010	, уж я то	знаю как это делается))))) Все тут	я	знать	p	s	present	1						
ru1010	, уж я то	знаю какой здесь креатив, на своей шкуре	я	знать	p	s	present	1						
ru1010	. уж я то	знаю коим в какой то степени являюсь! им	я	знать	p	s	present	1						
ru1010	но уж я то	знаю насколько она "хороша"... Лучше наших	я	знать	p	s	present	1						
ru1010	, уж я то	знаю о чем говорю! Когда ко мне в аудиторию	я	знать	p	s	present	1						
ru1010	(уж я то	знаю по своему горькому опыту) и желаю	я	знать	p	s	present	1						
ru1010	что уж я то	знаю по-настоящему клевые места. Здесь	я	знать	p	s	present	1						
ru1010	,уж я то	знаю чем он занимался и в основной деятельности	я	знать	p	s	present	1						
ru1010	- уж музыку то	писали профессионалы :). Вероятно через	музыку	писать	n	O	past			1				
ru1010	и уж я то	знаю, как выиграть в букмекерской конторе	я	знать	p	s	present	1						
ru1010	, уж я то	знаю, как не приятно слышать про свою полноту	я	знать	p	s	present	1						
ru1010	– уж Вы то	точно не соскучитесь, а свой досуг постоянно	Вы	соскучиваться	p	s	future		1					
ru1010	пушинки уж я то	знаю, я сама весила 65кг сейчас слава богу	я	знать	p	s	present	1						
ru1010	..уж я то	знаю,что говорю. На мой взгляд, девочка	я	знать	p	s	present	1						
ru1010	(уж я то	знаю!) колокольный звон. И представьте	я	знать	p	s	present	1						
ru1010	(уж я то	знаю!). Если же ты хочешь, чтоб тебя пожалели	я	знать	p	s	present	1						
ru1010	, уж я то	знаю. Ведь совсем не сложно поддерживать	я	знать	p	s	present	1						
ru1010	, уж я то	знаю. И планки Комода не помогут. Решай	я	знать	p	s	present	1						
ru1010	, уж я то	знаю. Ознакомившись со списком тарифов	я	знать	p	s	present	1						
ru1010	– уж я то	знаю. Такое дело никому не осилить. А если	я	знать	p	s	present	1						
ru1010	- уж он то	точно будет с вами на конкурсе. Надеяться	он	быть	p	s	future		1					
ru1010	, уж я то	знаю... Если надумаете брать с собой колбасу	я	знать	p	s	present	1						
ru1010	. уж я то	знаю... Может быть какая-то кошка	я	знать	p	s	present	1						
ru1010	но уж я то	знаю... Эх, Серега сразу бы разобрался,	я	знать	p	s	present	1						
ru1010	, уж я то	знаю...!" Татьяне - респект! За такт и	я	знать	p	s	present	1						
ru1010	, уж я то	знаю..... Следовательно, кредит —	я	знать	p	s	present	1						
ru1010	,уж я то	знаю.Пажайлусто помогите!? Здравствуйте	я	знать	p	s	present	1						
ru1010	, уж я то	знаю") Хотя Государственный Центр	я	знать	p	s	present	1						
ru1010	Да уж он то	нам очень поможет. -Может в лагере	он	помочь	p	s	future							
ru1010	(уж я то	знаю),но это очень круто,поверьте...жители	я	знать	p	s	present	1						
ru1010	(уж я то	знаю). а Казанова всё-таки страшный	я	знать	p	s	present	1						
ru1010	(уж я то	знаю). Есть же даже пословицы "Меньше знаешь	я	знать	p	s	present	1						
ru1010	- уж я то	истину знаю, а знаеш ли ее ты, я проверю	я	знать	p	s	present	1						
ru1010	что уж я то	лучше всех знаю кто достоин приза. Вот	я	знать	p	s	present	1						
ru1010	– уж я то	об этом знал точно. У меня была коллекция	я	знать	p	s	past	1						
ru1010	что уж Наши то	никогда не за какие лаваши не сдадут.	Наши	сдать	p	O	future		1	1				
ru1010	, уж я то	себя знаю! и так как... Раздел каталога	я	знать	p	s	present	1						
ru1010	… уж я то	себя знаю. Инвентаризация или как	я	знать	p	s	present	1						
ru1010	,уж я то	точно зна !),та и годится. Тем более,что	я	знать	p	s	present	1						
ru1010	, уж я то	точно знаю (благо 7 лет знакомы и каждый	я	знать	p	s	present	1	1					
ru1010	,уж я то	точно знаю =)))) В собрании не бьют	я	знать	p	s	present	1	1					
ru1010	И уж я то	точно знаю как они старались над этой песней	я	знать	p	s	present	1	1					
ru1010	что уж я то	точно знаю как правильно. Даже если это	я	знать	p	s	present	1	1					
ru1010	и уж я то	точно знаю кто у кого и кто чей язык знать	я	знать	p	s	present	1	1					
ru1010	, уж я то	точно знаю чем надо заниматься, а чем нет	я	знать	p	s	present	1	1					
ru1010	что уж я то	точно знаю что такое биться головой о стену	я	знать	p	s	present	1	1					
ru1010	, уж я то	точно знаю это. Но постараться понять можно	я	знать	p	s	present	1	1					
ru1010	, уж я то	точно знаю, ведь сам когда-то учился блоггингу	я	знать	p	s	present	1	1					
ru1010	, уж я то	точно знаю, наградки полученные таким образом	я	знать	p	s	present	1	1					
ru1010	, уж я то	точно знаю! Разведу ка я какого нибудь	я	знать	p	s	present	1	1					
ru1010	, уж я то	точно знаю. В комнате тихо заиграла	я	знать	p	s	present	1	1					
ru1010	— уж я то	точно их знаю, и даже слишком! Их философию	я	знать	p	s	present	1	1					
ru1010	Лимонова уж я то	точно хорошо знаю и стиль его слогана и	я	знать	p	s	present	1	1					
ru1010	и уж я то	хорошо знаю девчоночьи страхи темноты и	я	знать	p	s	present	1	1					
ru1010	стоит уж я то	хорошо знаю эту группу . Решил быть	я	знать	p	s	present	1	1					
ru1010	, уж я то	это знаю !!! А этот хрен фото , потому	я	знать	p	s	present	1	1					
ru1010	, уж я то	это знаю, а все вокруг говрят что моя копия	я	знать	p	s	present	1	1					
ru1010	, уж я то	это знаю, ведь это я кричу. В год	я	знать	p	s	present	1	1					
ru1010	, уж я то	это знаю. А какие у нее красивые тонкие	я	знать	p	s	present	1	1					
ru1010	мне уж я то	это знаю.здоровья вам всем .))))))))))))))))))	я	знать	p	s	present	1	1					
ru1010	душой уж я то	это точно знаю, ну вредные иногда.... зато	я	знать	p	s	present	1	1					
ru1010	, уж я то	это точно знаю. Бидж увидела в углу	я	знать	p	s	present	1	1					
ru1010	, уж ей то	старенькой глядишь и помогут, вот тебе	ей	помочь	p	O	future		1					
ru1010	, уж она то	не ошибается. На показе могущественного	она	ошибаться	p	s	present		1					
ru1010	и уж половину то	слопает, если не промаргает все, толкая	половину	слопать	n	O	future							
ru1010	что уж эти то	парни и девчата точно знают, что нужно	эти	знать	p	S	present	1						
ru1010	. уж я то	точно узнал про "3-ри зелёные полоски"	я	узнать	p	s	past		1					
ru1010	а уж мы то	с братом точно это делали. Но он жив и	мы	делать	p	s	past		1	1				
ru1010	, уж я то	не потеряюсь ОТСЮДОВА, будь спок!	я	потеряться	p	s	future		1					
ru1010	што уж их то	ПрафисиАнальные навыки всегда будут востребованы	их	быть востребованным	p	-	future		1					
ru1010	а уж они то	точно мои, особенно теперь. с вами рядом	они	-	p	s	-							
ru1010	А уж я то	как Вас боюса :) Я конечно немного	я	бояться	p	s	present		1					
ru1010	, уж тебе то	должно быть до лампочки его интерфейс.	тебе	должно быть	p	O	inf		1					
ru1010	Но уж воду то	она сможет выпить? Да. Воду она выпила,	воду	смочь	n	O	future			1				
ru1010	, уж он то	в футболе и все что с футболом связано	он	-	p	s	-		1					